id,subjectCategory,vocabularyLevel,word,sense_id,translation,definition,krDefintion,example
70703,식생활 > 음식,초급,간식,1,snack,Food that one eats between meals.,식사와 식사 사이에 간단히 먹는 음식.,|    <li><span style="color: #9400D3">간식</span>을 만들다.</li>
    <li><span style="color: #9400D3">간식</span>을 먹다.</li>
    <li><span style="color: #9400D3">간식</span>을 주다.</li>
    <li><span style="color: #9400D3">간식</span>을 챙기다.</li>
    <li><span style="color: #9400D3">간식</span>으로 먹다.</li>
    <li>나: 아직 밥 먹으려면 멀었는데 좀 출출하네.</li>
    <li>너: 간단하게 요기할 만한 <span style="color: #9400D3">간식</span> 만들어 줄까?</li>|
57275,식생활 > 식재료,초급,갈비,1,ribs,|Breastbones of cows, pigs, chickens, etc., and the flesh attached to these bones, used as an ingredient for food; or food made from these bones and their flesh.|,|음식의 재료로 쓰이는 소, 돼지, 닭 등의 가슴뼈와 거기에 붙은 살. 또는 그것으로 만든 음식.|,|    <li>양념 <span style="color: #9400D3">갈비</span>.</li>
    <li><span style="color: #9400D3">갈비</span>를 굽다.</li>
    <li><span style="color: #9400D3">갈비</span>를 뜯다.</li>
    <li><span style="color: #9400D3">갈비</span>를 먹다.</li>
    <li><span style="color: #9400D3">갈비</span>를 사다.</li>
    <li><span style="color: #9400D3">갈비</span>를 선물하다.</li>
    <li><span style="color: #9400D3">갈비</span>를 재우다.</li>
    <li><span style="color: #9400D3">갈비</span>를 팔다.</li>
    <li>나: 엄마, 오늘 저녁 메뉴는 뭐예요?</li>
    <li>너: 재워 놓은 <span style="color: #9400D3">갈비</span>가 있으니까 구워 먹자.</li>|
14871,식생활 > 음식,초급,갈비탕,1,galbitang,|Beef rib soup, made by boiling short beef ribs for long hours.|,소의 갈비를 잘라 넣고 오랫동안 끓인 국.,|    <li>우거지 <span style="color: #9400D3">갈비탕</span>.</li>
    <li><span style="color: #9400D3">갈비탕</span> 한 그릇.</li>
    <li><span style="color: #9400D3">갈비탕</span>이 나오다.</li>
    <li><span style="color: #9400D3">갈비탕</span>을 끓이다.</li>
    <li><span style="color: #9400D3">갈비탕</span>을 대접하다.</li>
    <li><span style="color: #9400D3">갈비탕</span>을 먹다.</li>
    <li>나: 점심에 뭘 먹었어?</li>
    <li>너: 새로 생긴 한식집에 가서 <span style="color: #9400D3">갈비탕</span>을 먹고 왔어.</li>|
70707,식생활 > 과일,초급,감,1,persimmon,|An orange-colored, round or roundish flat fruit, which is astringent when unripe but sweet when ripe. |,둥글거나 둥글넓적하며 익기 전에는 떫지만 익으면 단맛이 나는 주황색 과일.,|    <li><span style="color: #9400D3">감</span>이 떨어지다.</li>
    <li><span style="color: #9400D3">감</span>이 떫다.</li>
    <li><span style="color: #9400D3">감</span>이 열리다.</li>
    <li><span style="color: #9400D3">감</span>이 익다.</li>
    <li><span style="color: #9400D3">감</span>을 따다.</li>
    <li><span style="color: #9400D3">감</span>을 말리다.</li>
    <li><span style="color: #9400D3">감</span>을 먹다.</li>
    <li>나: 넌 단단한 단<span style="color: #9400D3">감</span>이 좋니, 아니면 말랑말랑한 홍시가 좋니?</li>
    <li>너: 나는 어떤 <span style="color: #9400D3">감</span>이든 다 좋아해.</li>|
85863,식생활 > 채소,초급,감자,1,potato,A ball-shaped stem growing underground with pale yellow flesh and light brown skin.,|껍질은 연한 갈색이며 속은 연한 노란색인, 땅속에서 자라는 둥근 덩이 모양의 줄기.|,|    <li>찐 <span style="color: #9400D3">감자</span>.</li>
    <li><span style="color: #9400D3">감자</span> 한 개.</li>
    <li><span style="color: #9400D3">감자</span> 한 봉지.</li>
    <li><span style="color: #9400D3">감자</span> 한 알.</li>
    <li><span style="color: #9400D3">감자</span> 농사.</li>
    <li><span style="color: #9400D3">감자</span>와 고구마.</li>
    <li><span style="color: #9400D3">감자</span>가 굵다.</li>
    <li><span style="color: #9400D3">감자</span>를 먹다.</li>
    <li><span style="color: #9400D3">감자</span>를 심다.</li>
    <li><span style="color: #9400D3">감자</span>를 으깨다.</li>
    <li><span style="color: #9400D3">감자</span>를 재배하다.</li>
    <li><span style="color: #9400D3">감자</span>를 캐다.</li>
    <li>나: 너는 <span style="color: #9400D3">감자</span>랑 고구마랑 어떤 게 더 좋아?</li>
    <li>너: 난 단 고구마보다는 담백한 <span style="color: #9400D3">감자</span>가 더 좋아.</li>|
15355,식생활 > 식재료,초급,계란,1,egg,A chicken egg.,닭의 알.,|    <li>삶은 <span style="color: #9400D3">계란</span>.</li>
    <li>찐 <span style="color: #9400D3">계란</span>.</li>
    <li><span style="color: #9400D3">계란</span> 노른자.</li>
    <li><span style="color: #9400D3">계란</span> 후라이.</li>
    <li><span style="color: #9400D3">계란</span> 흰자.</li>
    <li><span style="color: #9400D3">계란</span>을 깨뜨리다.</li>
    <li><span style="color: #9400D3">계란</span>을 먹다.</li>
    <li><span style="color: #9400D3">계란</span>을 찌다.</li>|
31685,식생활 > 식재료,초급,고기,1,meat,The flesh of animals that is eaten as food.,음식으로 먹는 동물의 살.,|    <li>맛있는 <span style="color: #9400D3">고기</span>.</li>
    <li>얼린 <span style="color: #9400D3">고기</span>.</li>
    <li><span style="color: #9400D3">고기</span> 백 그램.</li>
    <li><span style="color: #9400D3">고기</span> 이 인분.</li>
    <li><span style="color: #9400D3">고기</span> 한 근.</li>
    <li><span style="color: #9400D3">고기</span> 한 점.</li>
    <li><span style="color: #9400D3">고기</span> 국물.</li>
    <li><span style="color: #9400D3">고기</span> 냄새.</li>
    <li><span style="color: #9400D3">고기</span> 덩어리.</li>
    <li><span style="color: #9400D3">고기</span> 반찬.</li>
    <li><span style="color: #9400D3">고기</span> 양념.</li>
    <li><span style="color: #9400D3">고기</span> 찜.</li>
    <li><span style="color: #9400D3">고기</span>가 연하다.</li>
    <li><span style="color: #9400D3">고기</span>가 질기다.</li>
    <li><span style="color: #9400D3">고기</span>가 지글지글 익다.</li>
    <li><span style="color: #9400D3">고기</span>를 굽다.</li>
    <li><span style="color: #9400D3">고기</span>를 뒤집다.</li>
    <li><span style="color: #9400D3">고기</span>를 볶다.</li>
    <li><span style="color: #9400D3">고기</span>를 익히다.</li>
    <li><span style="color: #9400D3">고기</span>를 구경하다.</li>
    <li><span style="color: #9400D3">고기</span>를 구워 먹다.</li>
    <li><span style="color: #9400D3">고기</span>를 삶다.</li>
    <li><span style="color: #9400D3">고기</span>를 썰다.</li>
    <li><span style="color: #9400D3">고기</span>를 씹다.</li>
    <li><span style="color: #9400D3">고기</span>를 재우다.</li>
    <li>불판에 <span style="color: #9400D3">고기</span>를 얹다.</li>
    <li>나: 여기 <span style="color: #9400D3">고기</span> 이 인분만 주세요.</li>
    <li>너: 술은 같이 안 하세요?</li>|
18286,식생활 > 음식,초급,과자,1,snack,|Snacks baked or fried by mixing milk, sugar, etc., into flour or rice powder.|,|밀가루나 쌀가루 등에 우유, 설탕 등을 넣고 반죽하여 굽거나 튀긴 간식.|,|    <li><span style="color: #9400D3">과자</span> 한 봉지.</li>
    <li><span style="color: #9400D3">과자</span> 부스러기.</li>
    <li><span style="color: #9400D3">과자</span>를 만들다.</li>
    <li><span style="color: #9400D3">과자</span>를 먹다.</li>
    <li><span style="color: #9400D3">과자</span>를 사다.</li>
    <li>나: 엄마, 맛있는 냄새가 나네요.</li>
    <li>너: 응. 너희에게 간식을 주려고 오븐에 <span style="color: #9400D3">과자</span>를 굽고 있어.</li>|
36778,식생활 > 음식,초급,국,1,guk,|soup: A dish made by boiling meat, fish or vegetables in a lot of water.|,|고기나 생선, 채소 등에 물을 많이 붓고 끓인 음식.|,|    <li>뜨거운 <span style="color: #9400D3">국</span>.</li>
    <li>시원한 <span style="color: #9400D3">국</span>.</li>
    <li><span style="color: #9400D3">국</span> 한 그릇.</li>
    <li><span style="color: #9400D3">국</span> 건더기.</li>
    <li><span style="color: #9400D3">국</span>이 식다.</li>
    <li><span style="color: #9400D3">국이</span> 식다.</li>
    <li><span style="color: #9400D3">국</span>이 뜨겁다.</li>
    <li><span style="color: #9400D3">국이</span> 뜨겁다.</li>
    <li><span style="color: #9400D3">국</span>을 끓이다.</li>
    <li><span style="color: #9400D3">국</span>을 뜨다.</li>
    <li>나: 여보, <span style="color: #9400D3">국</span>이 싱거운 것 같아요.</li>
    <li>너: 여기 소금을 좀 넣어서 드셔 보세요.</li>|
38579,식생활 > 음식,초급,국수,1,noodle,|Food made by kneading wheat flour, buckwheat, potatoes, etc. and cutting the dough into long thin strips with a knife, machine, or by hand, or a dish made by boiling this. |,|밀, 메밀, 감자 등의 가루를 반죽하여 칼이나 기계, 손으로 가늘고 길게 만든 식품. 또는 그것을 삶아서 만든 음식.|,|    <li><span style="color: #9400D3">국수</span> 한 그릇.</li>
    <li><span style="color: #9400D3">국수</span> 가닥.</li>
    <li><span style="color: #9400D3">국수</span>를 만들다.</li>
    <li><span style="color: #9400D3">국수</span>를 말다.</li>
    <li><span style="color: #9400D3">국수</span>를 먹다.</li>
    <li><span style="color: #9400D3">국수</span>를 뽑다.</li>
    <li><span style="color: #9400D3">국수</span>를 삶다.</li>
    <li>나: 이 집은 대표 메뉴가 <span style="color: #9400D3">국수</span>예요.</li>
    <li>너: 먹어보니 육수 맛이 시원한 게 그럴 만하네요.</li>|
37057,식생활 > 과일,초급,귤,1,tangerine; mandarin orange,|A sweet-and-sour, orange-colored, round fruit of a tangerine tree, whose skin is peeled before eating.|,|귤나무의 열매로, 껍질을 벗겨서 먹는 노란색 또는 주황색의 새콤달콤한 둥근 과일.|,|    <li><span style="color: #9400D3">귤</span> 알맹이.</li>
    <li><span style="color: #9400D3">귤</span>의 껍질.</li>
    <li><span style="color: #9400D3">귤</span>이 달다.</li>
    <li><span style="color: #9400D3">귤</span>이 시다.</li>
    <li><span style="color: #9400D3">귤</span>이 익다.</li>
    <li><span style="color: #9400D3">귤</span>을 까다.</li>
    <li><span style="color: #9400D3">귤</span>을 먹다.</li>
    <li>나: 그 <span style="color: #9400D3">귤</span>은 맛이 어때?</li>
    <li>너: 아직 덜 익었는지 맛이 너무 시다.</li>|
45119,식생활 > 식재료,초급,김,1,gim,|dried laver seaweed: A black food made by taking seaweed from the warm, clean ocean and spreading and drying it in a thin, square shape.|,따뜻하고 깨끗한 바다에서 나는 해초의 일종으로 네모나게 얇게 펴서 말린 검은색의 음식.,|    <li><span style="color: #9400D3">김</span> 건조.</li>
    <li><span style="color: #9400D3">김</span> 양식.</li>
    <li><span style="color: #9400D3">김</span>을 굽다.</li>
    <li><span style="color: #9400D3">김</span>을 뜯다.</li>
    <li><span style="color: #9400D3">김</span>을 말리다.</li>
    <li><span style="color: #9400D3">김</span>을 먹다.</li>
    <li>나: 와! <span style="color: #9400D3">김</span> 굽는 냄새가 고소한데?</li>
    <li>너: 응. 오늘 반찬은 구운 <span style="color: #9400D3">김</span>이야.</li>|
58106,식생활 > 음식,초급,김밥,1,gimbap,A dish made by rolling rice and various other ingredients in dried laver seaweed and cutting them into bite-size slices.,밥과 여러 가지 반찬을 김으로 말아 싸서 썰어 먹는 음식.,|    <li>소고기 <span style="color: #9400D3">김밥</span>.</li>
    <li>참치 <span style="color: #9400D3">김밥</span>.</li>
    <li>치즈 <span style="color: #9400D3">김밥</span>.</li>
    <li><span style="color: #9400D3">김밥</span> 가게.</li>
    <li><span style="color: #9400D3">김밥</span> 도시락.</li>
    <li><span style="color: #9400D3">김밥</span>을 만들다.</li>
    <li><span style="color: #9400D3">김밥</span>을 말다.</li>
    <li><span style="color: #9400D3">김밥</span>을 먹다.</li>
    <li><span style="color: #9400D3">김밥</span>을 사다.</li>
    <li><span style="color: #9400D3">김밥</span>을 좋아하다.</li>
    <li>나: 점심에 뭐 먹을까?</li>
    <li>너: 시간도 많지 않은데 간단히 <span style="color: #9400D3">김밥</span>이나 사다 먹자.</li>|
28818,식생활 > 음식,초급,김치,1,gimchi; kimchi,|A staple of the Korean diet made by salting vegetables such as napa cabbages, white radishes, etc., and seasoning and fermenting them.|,배추나 무 등의 채소를 소금에 절인 후 양념에 버무려 발효시켜서 만든 음식.,|    <li>덜 익은 <span style="color: #9400D3">김치</span>.</li>
    <li>매운 <span style="color: #9400D3">김치</span>.</li>
    <li>묵은 <span style="color: #9400D3">김치</span>.</li>
    <li>신 <span style="color: #9400D3">김치</span>.</li>
    <li>익은 <span style="color: #9400D3">김치</span>.</li>
    <li><span style="color: #9400D3">김치</span> 냄새.</li>
    <li><span style="color: #9400D3">김치</span>가 맵다.</li>
    <li><span style="color: #9400D3">김치</span>를 담그다.</li>
    <li><span style="color: #9400D3">김치</span>를 먹다.</li>
    <li><span style="color: #9400D3">김치</span>를 썰다.</li>
    <li>나: 승규야, 지금 뭐가 제일 먹고 싶니?</li>
    <li>너: 난 어머니께서 담가 주신 <span style="color: #9400D3">김치</span>가 먹고 싶어.</li>|
32543,식생활 > 음식,초급,김치찌개,1,gimchijjigae; kimchijjigae,|Gimchi/Kimchi stew, boiled gimchi/kimchi and other ingredients such as meat, etc.|,김치를 고기 등과 함께 넣고 끓인 찌개.,|    <li>돼지고기 <span style="color: #9400D3">김치찌개</span>.</li>
    <li>참치 <span style="color: #9400D3">김치찌개</span>.</li>
    <li>얼큰한 <span style="color: #9400D3">김치찌개</span>.</li>
    <li><span style="color: #9400D3">김치찌개</span> 일 인분.</li>
    <li><span style="color: #9400D3">김치찌개</span> 맛.</li>
    <li><span style="color: #9400D3">김치찌개</span> 백반.</li>
    <li><span style="color: #9400D3">김치찌개</span>가 맛있다.</li>
    <li><span style="color: #9400D3">김치찌개</span>가 맵다.</li>
    <li><span style="color: #9400D3">김치찌개</span>를 끓이다.</li>
    <li><span style="color: #9400D3">김치찌개</span>를 먹다.</li>
    <li>나: 손님, 주문하시겠어요?</li>
    <li>너: 네. <span style="color: #9400D3">김치찌개</span> 백반 하나 주세요.</li>|
41635,식생활 > 음식,초급,껌,1,chewing gum,Food one chews for a long time to enjoy its sweet flavor and then spit out.,입에 넣고 오래 씹으면서 단물을 빼어 먹고는 뱉어서 버리는 먹을거리.,|    <li>질긴 <span style="color: #9400D3">껌</span>.</li>
    <li><span style="color: #9400D3">껌</span> 한 통.</li>
    <li><span style="color: #9400D3">껌</span>이 붙다.</li>
    <li><span style="color: #9400D3">껌</span>을 뱉다.</li>
    <li><span style="color: #9400D3">껌</span>을 사다.</li>
    <li><span style="color: #9400D3">껌</span>을 씹다.</li>
    <li>입에 <span style="color: #9400D3">껌</span>을 넣다.</li>
    <li>나: 점심 먹고 양치질을 못 했더니 입안이 찝찝해요.</li>
    <li>너: 그럼 이 <span style="color: #9400D3">껌</span>을 씹어 보세요. 입안이 좀 상쾌해질 거예요.</li>|
64371,개념 > 양,초급,남기다,1,leave,To leave part of something without using it up. ,1이 2를 남기다,|    <li>밥을 <span style="color: #9400D3">남기다</span>.</li>
    <li>용돈을 <span style="color: #9400D3">남기다</span>.</li>
    <li>음식을 <span style="color: #9400D3">남기다</span>.</li>
    <li>다 <span style="color: #9400D3">남기다</span>.</li>
    <li>하나도 안 <span style="color: #9400D3">남기다</span>.</li>
    <li>나: 강아지 밥은 어떤 걸로 주세요?</li>
    <li>너: 가족들이 식사하고 남기는 음식을 모아서 줘요.</li>|
32777,식생활 > 음식,초급,냉면,1,naengmyeon,|A dish made by mixing noodles in naengguk, cold soup, gimchi/kimchi liquid, gochujang seasoning, etc.|,국수를 냉국이나 김칫국 등에 말거나 고추장 양념에 비벼서 먹는 음식.,|    <li>새콤달콤한 <span style="color: #9400D3">냉면</span>.</li>
    <li>시원한 <span style="color: #9400D3">냉면</span>.</li>
    <li><span style="color: #9400D3">냉면</span> 사리.</li>
    <li><span style="color: #9400D3">냉면</span>을 만들다.</li>
    <li><span style="color: #9400D3">냉면</span>을 먹다.</li>
    <li>나: <span style="color: #9400D3">냉면</span>은 역시 겨울에 먹어야 제맛이란 말이야.</li>
    <li>너: 맞아. 지금은 여름에 많이 먹지만 원래 따뜻한 온돌방에서 시원하게 먹던 겨울 음식이었잖아.</li>|
28579,식생활 > 음료,초급,녹차,1,green tea,|A tea plant's green leaves picked and dried in the sun, or tea made of the leaves.|,차나무의 잎을 딴 후 햇볕에 말린 푸른색 잎. 또는 그 잎으로 만든 차.,|    <li><span style="color: #9400D3">녹차</span> 찌꺼기.</li>
    <li><span style="color: #9400D3">녹차</span>밭.</li>
    <li><span style="color: #9400D3">녹차</span> 한 잔.</li>
    <li><span style="color: #9400D3">녹차</span>의 맛.</li>
    <li><span style="color: #9400D3">녹차</span>를 따르다.</li>
    <li><span style="color: #9400D3">녹차</span>를 마시다.</li>
    <li><span style="color: #9400D3">녹차</span>를 우리다.</li>
    <li><span style="color: #9400D3">녹차</span>를 즐기다.</li>
    <li>나: <span style="color: #9400D3">녹차</span>의 맛과 향이 참 좋은데요?</li>
    <li>너: 저희 아버지가 정성을 쏟아 직접 농사지어 만들어 주신 귀한 차거든요.</li>|
60487,식생활 > 식재료,초급,달걀,1,hen's egg,An egg laid by a hen.,닭이 낳은 알.,|    <li>삶은 <span style="color: #9400D3">달걀</span>.</li>
    <li><span style="color: #9400D3">달걀</span> 두 알.</li>
    <li><span style="color: #9400D3">달걀</span> 한 판.</li>
    <li><span style="color: #9400D3">달걀</span> 꾸러미.</li>
    <li><span style="color: #9400D3">달걀</span>이 굴러가다.</li>
    <li><span style="color: #9400D3">달걀</span>이 깨지다.</li>
    <li><span style="color: #9400D3">달걀</span>을 먹다.</li>
    <li><span style="color: #9400D3">달걀</span>을 사다.</li>
    <li><span style="color: #9400D3">달걀</span>을 익히다.</li>
    <li>나: 점심으로 라면을 끓여 먹을까?</li>
    <li>너: 좋아! <span style="color: #9400D3">달걀</span>도 풀어 넣어서 맛있게 먹자.</li>
    <li>나: 얼마 전에 부딪쳤던 여기가 시퍼렇게 멍들어 버렸어.</li>
    <li>너: 이 <span style="color: #9400D3">달걀</span>로 좀 문질러 봐. 멍이 좀 가실 거야.</li>|
62741,식생활 > 맛,초급,달다,1,sweet,Tasting like honey or sugar.,1이 달다,|    <li><span style="color: #9400D3">단</span> 과일.</li>
    <li><span style="color: #9400D3">단</span> 음식.</li>
    <li>맛이 <span style="color: #9400D3">달다</span>.</li>
    <li>초콜릿이 <span style="color: #9400D3">달다</span>.</li>
    <li>나: 주스에 설탕을 좀 더 넣어야 할 것 같아.</li>
    <li>너: 음식을 너무 달게 먹는 건 안 좋아. </li>|
62268,식생활 > 식재료,초급,닭고기,1,chicken,The flesh of a chicken used for food. ,음식으로 먹는 닭의 살.,|    <li><span style="color: #9400D3">닭고기</span> 살.</li>
    <li><span style="color: #9400D3">닭고기</span> 요리.</li>
    <li><span style="color: #9400D3">닭고기</span> 튀김.</li>
    <li><span style="color: #9400D3">닭고기</span>를 굽다.</li>
    <li><span style="color: #9400D3">닭고기</span>를 볶다.</li>
    <li><span style="color: #9400D3">닭고기</span>로 만들다.</li>
    <li><span style="color: #9400D3">닭고기</span>를 먹다.</li>
    <li>나: <span style="color: #9400D3">닭고기</span>가 어느 정도 익으면 갖은 양념을 넣고 더 끓이세요.</li>
    <li>너: 네. 이제 곧 맛있는 닭 요리가 완성되겠네요.</li>|
48583,식생활 > 음식,초급,돈가스,1,pork cutlet,|Thick slices of pork seasoned, coated with bread crumbs, and fried in oil.|,도톰하게 썬 돼지고기를 양념하여 빵가루를 묻히고 기름에 튀긴 음식.,|    <li>등심 <span style="color: #9400D3">돈가스</span>.</li>
    <li>수제 <span style="color: #9400D3">돈가스</span>.</li>
    <li>안심 <span style="color: #9400D3">돈가스</span>.</li>
    <li>일식 <span style="color: #9400D3">돈가스</span>.</li>
    <li><span style="color: #9400D3">돈가스</span>를 만들다.</li>
    <li><span style="color: #9400D3">돈가스</span>를 먹다.</li>
    <li><span style="color: #9400D3">돈가스</span>를 시키다.</li>
    <li><span style="color: #9400D3">돈가스</span>를 주문하다.</li>
    <li><span style="color: #9400D3">돈가스</span>를 튀기다.</li>
    <li>나: 저는 <span style="color: #9400D3">돈가스</span>를 먹을래요.</li>
    <li>너: 아무리 돼지고기를 좋아해도 매일 먹으면 질리지 않아요?</li>
    <li>나: 여보! <span style="color: #9400D3">돈가스</span>는 다 튀겼어요.</li>
    <li>너: 그럼 기름을 잘 뺀 뒤 소스와 함께 내세요.</li>|
89811,식생활 > 식재료,초급,돼지고기,1,pork,The meat of pigs eaten as food.,음식으로 먹는 돼지의 고기.,|    <li>정육점의 <span style="color: #9400D3">돼지고기</span>.</li>
    <li>맛있는 <span style="color: #9400D3">돼지고기</span>.</li>
    <li><span style="color: #9400D3">돼지고기</span> 한 근.</li>
    <li><span style="color: #9400D3">돼지고기</span>를 굽다.</li>
    <li><span style="color: #9400D3">돼지고기</span>를 먹다.</li>
    <li><span style="color: #9400D3">돼지고기</span>를 요리하다.</li>
    <li>나: 여보, 오늘 저녁 메뉴는 뭐예요?</li>
    <li>너: <span style="color: #9400D3">돼지고기</span>가 들어간 김치찌개예요.</li>|
48241,식생활 > 식재료,초급,된장,1,doenjang,|Soybean paste, made by fermenting soybeans after the beans are first used to make soy sauce.|,간장을 담근 뒤에 남은 메주를 발효시켜 만든 장.,|    <li>구수한 <span style="color: #9400D3">된장</span>.</li>
    <li><span style="color: #9400D3">된장</span> 한 술.</li>
    <li><span style="color: #9400D3">된장</span>을 담그다.</li>
    <li><span style="color: #9400D3">된장</span>을 바르다.</li>
    <li><span style="color: #9400D3">된장</span>을 푸다.</li>
    <li><span style="color: #9400D3">된장</span>을 풀다.</li>
    <li><span style="color: #9400D3">된장</span>에 찍다.</li>
    <li>나: 반찬이 딱히 없는데 점심에 뭘 먹지?</li>
    <li>너: 우리 채소랑 고기를 <span style="color: #9400D3">된장</span>에 끓여서 밥 비벼 먹을까?</li>|
14930,식생활 > 음식,초급,된장찌개,1,doenjangjjigae,|Soybean paste stew, made by boiling fermented soybean paste with scallions, zucchini, bean curd, etc., added to water.|,|된장을 물에 넣고 파, 호박, 두부 등을 넣고 끓인 찌개.|,|    <li>구수한 <span style="color: #9400D3">된장찌개</span>.</li>
    <li>맛있는 <span style="color: #9400D3">된장찌개</span>.</li>
    <li><span style="color: #9400D3">된장찌개</span>를 끓이다.</li>
    <li><span style="color: #9400D3">된장찌개</span>를 만들다.</li>
    <li><span style="color: #9400D3">된장찌개</span>를 먹다.</li>
    <li>나: 날씨가 추우니까 구수한 <span style="color: #9400D3">된장찌개</span>가 먹고 싶다.</li>
    <li>너: 그럼 우리 저녁에 <span style="color: #9400D3">된장찌개</span> 끓여 먹자.</li>|
45275,식생활 > 식재료,초급,두부,1,tofu,|A white, soft food made by grinding beans.|,콩을 갈아서 만든 희고 부드러운 음식.,|    <li><span style="color: #9400D3">두부</span> 한 모.</li>
    <li><span style="color: #9400D3">두부</span> 한 판.</li>
    <li><span style="color: #9400D3">두부</span> 부침.</li>
    <li><span style="color: #9400D3">두부</span> 요리.</li>
    <li><span style="color: #9400D3">두부</span>가 고소하다.</li>
    <li><span style="color: #9400D3">두부</span>가 담백하다.</li>
    <li><span style="color: #9400D3">두부</span>가 상하다.</li>
    <li><span style="color: #9400D3">두부</span>를 넣다.</li>
    <li><span style="color: #9400D3">두부</span>를 만들다.</li>
    <li><span style="color: #9400D3">두부</span>를 먹다.</li>
    <li><span style="color: #9400D3">두부</span>를 부치다.</li>
    <li><span style="color: #9400D3">두부</span>를 지지다.</li>
    <li>나: 아주머니, 이 <span style="color: #9400D3">두부</span>는 얼마예요?</li>
    <li>너: 삼천 원에 두 모 드릴게요.</li>|
70787,식생활 > 과일,초급,딸기,1,strawberry,|A perennial plant that stretches its stems on the ground and bears a red fruit with seeds stuck on the outside, or the fruit.|,|줄기가 땅 위로 뻗으며, 겉에 씨가 박혀 있는 빨간 열매가 열리는 여러해살이풀. 또는 그 열매.|,|    <li><span style="color: #9400D3">딸기</span>를 따다.</li>
    <li><span style="color: #9400D3">딸기</span>를 먹다.</li>
    <li><span style="color: #9400D3">딸기</span>를 재배하다.</li>
    <li><span style="color: #9400D3">딸기</span>를 키우다.</li>|
20199,식생활 > 음식,초급,떡,1,tteok,|rice cake: A dish made by steaming or boiling grain powder such as injeolmi, a rice cake coated with red bean powder or soy bean powder, and songpyeon, a half-moon-shaped rice cake, etc.|,|인절미, 송편 등과 같이 곡식 가루를 찌거나 삶아서 익힌 것을 빚어서 만든 음식.|,|    <li>잔치 <span style="color: #9400D3">떡</span>.</li>
    <li>축하 <span style="color: #9400D3">떡</span>.</li>
    <li>달콤한 <span style="color: #9400D3">떡</span>.</li>
    <li>따뜻한 <span style="color: #9400D3">떡</span>.</li>
    <li>맛있는 <span style="color: #9400D3">떡</span>.</li>
    <li>찹쌀로 만든 <span style="color: #9400D3">떡</span>.</li>
    <li>흰 <span style="color: #9400D3">떡</span>.</li>
    <li><span style="color: #9400D3">떡</span>을 돌리다.</li>
    <li><span style="color: #9400D3">떡</span>을 만들다.</li>
    <li><span style="color: #9400D3">떡</span>을 먹다.</li>
    <li><span style="color: #9400D3">떡</span>을 빚다.</li>
    <li><span style="color: #9400D3">떡</span>을 사다.</li>
    <li><span style="color: #9400D3">떡</span>을 썰다.</li>
    <li><span style="color: #9400D3">떡</span>을 찌다.</li>
    <li><span style="color: #9400D3">떡</span>을 치다.</li>
    <li><span style="color: #9400D3">떡</span>을 팔다.</li>
    <li><span style="color: #9400D3">떡</span>을 하다.</li>
    <li>나: 엄마, 식탁 위에 있는 <span style="color: #9400D3">떡</span>은 웬 거예요?</li>
    <li>너: 어제 옆집으로 이사 온 아주머니가 동네 사람들에게 돌린 <span style="color: #9400D3">떡</span>이야.</li>|
15180,식생활 > 음식,초급,떡볶이,1,tteokbokki,|Boiled rice cake with seasoning, made by boiling garaetteok, a white cylinder-shaped rice cake, in round stick form, vegetables, seasonings such as soybean sauce, pepper paste, etc.|,적당히 자른 가래떡에 간장이나 고추장 등의 양념과 여러 가지 채소를 넣고 볶은 음식.,|    <li><span style="color: #9400D3">떡볶이</span> 장사.</li>
    <li><span style="color: #9400D3">떡볶이</span> 일 인분.</li>
    <li><span style="color: #9400D3">떡볶이</span> 한 접시.</li>
    <li><span style="color: #9400D3">떡볶이</span>를 만들다.</li>
    <li><span style="color: #9400D3">떡볶이</span>를 먹다.</li>
    <li><span style="color: #9400D3">떡볶이</span>를 팔다.</li>
    <li>나: 아줌마, <span style="color: #9400D3">떡볶이</span>랑 튀김이랑 모두 얼마예요?</li>
    <li>너: 전부 합해서 오천 원이란다.</li>|
62270,식생활 > 음식,초급,라면,1,ramen; instant noodles,An easy-to-cook instant noodle dish made by just boiling previously-fried dry noodles and adding powdered soup to them.,기름에 튀겨 말린 국수와 가루 스프가 들어 있어서 물에 끓이기만 하면 간편하게 먹을 수 있는 음식.,|    <li><span style="color: #9400D3">라면</span> 봉지.</li>
    <li><span style="color: #9400D3">라면</span> 사리.</li>
    <li><span style="color: #9400D3">라면</span> 스프.</li>
    <li><span style="color: #9400D3">라면</span>을 끓이다.</li>
    <li><span style="color: #9400D3">라면</span>을 먹다.</li>
    <li><span style="color: #9400D3">라면</span>에 계란을 넣다.</li>
    <li><span style="color: #9400D3">라면</span>으로 끼니를 때우다.</li>
    <li>나: 점심에 뭘 먹지?</li>
    <li>너: <span style="color: #9400D3">라면</span> 끓여서 국물에 밥 말아 먹자.</li>|
52573,식생활 > 식생활 관련 장소,초급,레스토랑,1,restaurant,A restaurant that sells western food.,서양 음식을 파는 음식점.,|    <li>고급 <span style="color: #9400D3">레스토랑</span>.</li>
    <li>선상 <span style="color: #9400D3">레스토랑</span>.</li>
    <li>이태리 <span style="color: #9400D3">레스토랑</span>.</li>
    <li>일류 <span style="color: #9400D3">레스토랑</span>.</li>
    <li>프랑스 <span style="color: #9400D3">레스토랑</span>.</li>
    <li>넓은 <span style="color: #9400D3">레스토랑</span>.</li>
    <li>유명한 <span style="color: #9400D3">레스토랑</span>.</li>
    <li><span style="color: #9400D3">레스토랑</span>을 운영하다.</li>
    <li><span style="color: #9400D3">레스토랑</span>을 추천하다.</li>
    <li>나: 집에 가는 길에 피자를 포장해 갈까요?</li>
    <li>너: 포장하지 말고 <span style="color: #9400D3">레스토랑</span> 안에서 먹고 가요.</li>|
15754,식생활 > 음료,초급,막걸리,1,makgeolli,|A unique Korean white alcoholic drink made from rice, which tastes a little thick.|,맛이 약간 텁텁하며 쌀로 만든 한국 고유의 하얀색 술.,|    <li><span style="color: #9400D3">막걸리</span> 한 잔.</li>
    <li><span style="color: #9400D3">막걸리</span> 한 병.</li>
    <li><span style="color: #9400D3">막걸리</span> 병.</li>
    <li><span style="color: #9400D3">막걸리</span> 주전자.</li>
    <li><span style="color: #9400D3">막걸리</span>를 마시다.</li>
    <li><span style="color: #9400D3">막걸리</span>를 사다.</li>
    <li>나: 어제 <span style="color: #9400D3">막걸리</span>와 파전을 같이 먹었는데 매우 맛있었어.</li>
    <li>너: 원래 그렇게 먹으면 훨씬 맛있어.</li>|
15782,식생활 > 음식,초급,만두,1,dumpling,|Dumplings, made by kneading and pressing flour and wrapping minced meat, vegetables, etc., with the dough.|,밀가루를 반죽하여 얇게 민 후 그 위에 다진 고기나 야채 등 여러 가지 음식을 넣고 빚은 음식.,|    <li>김치 <span style="color: #9400D3">만두</span>.</li>
    <li><span style="color: #9400D3">만두</span> 장수.</li>
    <li><span style="color: #9400D3">만두</span>를 빚다.</li>
    <li><span style="color: #9400D3">만두</span>를 찌다.</li>
    <li><span style="color: #9400D3">만두</span>를 팔다.</li>
    <li>나: 오늘따라 <span style="color: #9400D3">만두</span>가 먹고 싶네.</li>
    <li>너: 그래? 그럼 오늘 점심에는 <span style="color: #9400D3">만두</span>를 먹으러 갈까?</li>|
66228,식생활 > 맛,초급,맛,1,taste,|A sensation that is felt when touching one's tongue to food, etc.|,음식 등을 혀에 댈 때 느껴지는 감각.,|    <li>좋은 <span style="color: #9400D3">맛</span>.</li>
    <li><span style="color: #9400D3">맛</span>이 맵다.</li>
    <li><span style="color: #9400D3">맛이</span> 맵다.</li>
    <li><span style="color: #9400D3">맛</span>이 시다.</li>
    <li><span style="color: #9400D3">맛이</span> 시다.</li>
    <li><span style="color: #9400D3">맛</span>이 쓰다.</li>
    <li><span style="color: #9400D3">맛이</span> 쓰다.</li>
    <li><span style="color: #9400D3">맛</span>이 없다.</li>
    <li><span style="color: #9400D3">맛이</span> 없다.</li>
    <li><span style="color: #9400D3">맛</span>이 있다.</li>
    <li><span style="color: #9400D3">맛이</span> 있다.</li>
    <li><span style="color: #9400D3">맛</span>이 짜다.</li>
    <li><span style="color: #9400D3">맛이</span> 짜다.</li>
    <li><span style="color: #9400D3">맛</span>을 내다.</li>
    <li><span style="color: #9400D3">맛</span>을 돋우다.</li>
    <li>나: 이 김치 좀 먹어 봐.</li>
    <li>너: <span style="color: #9400D3">맛</span>이 제대로 들었네.</li>|
29721,식생활 > 맛,초급,맛없다,1,ill-tasting; unsavory,The taste of food being not good.,1이 맛없다,|    <li><span style="color: #9400D3">맛없는</span> 것.</li>
    <li><span style="color: #9400D3">맛없어</span> 보이다.</li>
    <li>과일이 <span style="color: #9400D3">맛없다</span>.</li>
    <li>김치가 <span style="color: #9400D3">맛없다</span>.</li>
    <li>밥이 <span style="color: #9400D3">맛없다</span>.</li>
    <li>술이 <span style="color: #9400D3">맛없다</span>.</li>
    <li>요리가 <span style="color: #9400D3">맛없다</span>.</li>
    <li>음식이 <span style="color: #9400D3">맛없다</span>.</li>
    <li>되게 <span style="color: #9400D3">맛없다</span>.</li>
    <li>진짜 <span style="color: #9400D3">맛없다</span>.</li>
    <li>참 <span style="color: #9400D3">맛없다</span>.</li>
    <li>나: 어제 그 식당 음식 어땠어?</li>
    <li>너: 비싼 돈을 주고 그렇게 맛없는 음식을 먹다니, 돈이 아깝더라.</li>|
70811,식생활 > 맛,초급,맛있다,1,tasty; delicious,Tasting good.,1이 맛있다,|    <li><span style="color: #9400D3">맛있는</span> 냄새.</li>
    <li><span style="color: #9400D3">맛있는</span> 음식.</li>
    <li>반찬이 <span style="color: #9400D3">맛있다</span>.</li>
    <li>밥이 <span style="color: #9400D3">맛있다</span>.</li>
    <li>나: 소리가 아주 맛있게 들리는데요?</li>
    <li>너: 드셔 보시면 실제로도 맛이 좋을 거예요.</li>|
30216,식생활 > 음료,초급,맥주,1,beer,|A foamy alcoholic beverage made by adding water, bitter taste, and yeast to, most commonly, malted barley.|,주로 발효시킨 보리에 물과 쓴 맛과 탄산을 더하여 만든 거품이 나는 술.,|    <li>김빠진 <span style="color: #9400D3">맥주</span>.</li>
    <li>시원한 <span style="color: #9400D3">맥주</span>.</li>
    <li>차가운 <span style="color: #9400D3">맥주</span>.</li>
    <li><span style="color: #9400D3">맥주</span> 한 병.</li>
    <li><span style="color: #9400D3">맥주</span> 한 잔.</li>
    <li><span style="color: #9400D3">맥주</span> 한 컵.</li>
    <li><span style="color: #9400D3">맥주</span> 거품.</li>
    <li><span style="color: #9400D3">맥주</span> 냄새.</li>
    <li><span style="color: #9400D3">맥주</span> 맛.</li>
    <li><span style="color: #9400D3">맥주</span> 시장.</li>
    <li><span style="color: #9400D3">맥주</span> 업계.</li>
    <li><span style="color: #9400D3">맥주</span> 회사.</li>
    <li><span style="color: #9400D3">맥주</span>가 맛있다.</li>
    <li><span style="color: #9400D3">맥주</span>를 권하다.</li>
    <li><span style="color: #9400D3">맥주</span>를 들다.</li>
    <li><span style="color: #9400D3">맥주</span>를 들이켜다.</li>
    <li><span style="color: #9400D3">맥주</span>를 따르다.</li>
    <li><span style="color: #9400D3">맥주</span>를 마시다.</li>
    <li><span style="color: #9400D3">맥주</span>를 한잔하다.</li>
    <li><span style="color: #9400D3">맥주</span>를 홀짝거리다.</li>
    <li>나: 술 잘 마셔요?</li>
    <li>너: 아니요. <span style="color: #9400D3">맥주</span> 한 병 정도밖에 못 마셔요.</li>
    <li>나: 일 끝나면 술집 가서 <span style="color: #9400D3">맥주</span>나 마실까?</li>
    <li>너: 좋지. 날도 더운데 시원한 <span style="color: #9400D3">맥주</span> 한잔하자고.</li>|
74131,식생활 > 맛,초급,맵다,1,spicy; hot,|Having a tangy taste like red peppers or mustard, which causes a sharp sensation at the tip of the tongue. |,1이 맵다,|    <li><span style="color: #9400D3">매운</span> 요리.</li>
    <li><span style="color: #9400D3">매운</span> 찌개.</li>
    <li>고추가 <span style="color: #9400D3">맵다</span>.</li>
    <li>양념이 <span style="color: #9400D3">맵다</span>.</li>
    <li>나: 음식 맛이 어때?</li>
    <li>너: 좀 매운데. 후추를 너무 많이 넣었나 봐.</li>|
57299,초급,menu,메뉴,1,menu,A board on which the kinds of food and their prices that a restaurant offers are written.,음식점에서 파는 음식의 종류와 가격을 적은 판.,|    <li><span style="color: #9400D3">메뉴</span>를 가져오다.</li>
    <li><span style="color: #9400D3">메뉴</span>를 달라고 하다.</li>
    <li><span style="color: #9400D3">메뉴</span>를 보다.</li>
    <li><span style="color: #9400D3">메뉴</span>를 찾다.</li>
    <li><span style="color: #9400D3">메뉴</span>를 펼치다.</li>
    <li>나: 아줌마, 여기 <span style="color: #9400D3">메뉴</span> 좀 주세요.</li>
    <li>너: 여기 있습니다.</li>|
54831,식생활 > 채소,초급,무,1,radish,|A white, forearm-sized vegetable that features feather-like leaves on its roots, used for making gimchi/kimchi, etc.|,|김치 등을 만드는, 색깔이 희고 팔뚝만 한 크기의 뿌리에 깃 모양의 잎이 있는 채소.|,|    <li><span style="color: #9400D3">무</span>를 먹다.</li>
    <li><span style="color: #9400D3">무</span>를 뽑다.</li>
    <li><span style="color: #9400D3">무</span>를 사다.</li>
    <li><span style="color: #9400D3">무</span>를 심다.</li>
    <li><span style="color: #9400D3">무</span>를 썰다.</li>
    <li><span style="color: #9400D3">무</span>를 재배하다.</li>
    <li><span style="color: #9400D3">무</span>를 팔다.</li>
    <li>나: <span style="color: #9400D3">무</span>가 오래되어서 하나도 못 먹게 생겼지 뭐야.</li>
    <li>너: 그러게 잘 싸서 보관했어야지.</li>|
17596,식생활 > 음료,초급,물,1,water,|A liquid that constitutes rivers, lakes, oceans, underground reservoirs, etc., a pure form of which is colorless, orderless, tasteless and transparent.|,|강, 호수, 바다, 지하수 등에 있으며 순수한 것은 빛깔, 냄새, 맛이 없고 투명한 액체.|,|    <li>깨끗한 <span style="color: #9400D3">물</span>.</li>
    <li>따뜻한 <span style="color: #9400D3">물</span>.</li>
    <li>맑은 <span style="color: #9400D3">물</span>.</li>
    <li>미지근한 <span style="color: #9400D3">물</span>.</li>
    <li>시원한 <span style="color: #9400D3">물</span>.</li>
    <li>투명한 <span style="color: #9400D3">물</span>.</li>
    <li>흐르는 <span style="color: #9400D3">물</span>.</li>
    <li><span style="color: #9400D3">물</span> 한 모금.</li>
    <li><span style="color: #9400D3">물</span>을 따르다.</li>
    <li><span style="color: #9400D3">물</span>을 마시다.</li>
    <li><span style="color: #9400D3">물</span>을 먹다.</li>
    <li><span style="color: #9400D3">물</span>로 씻다.</li>
    <li><span style="color: #9400D3">물</span>에 적시다.</li>
    <li><span style="color: #9400D3">물</span>에 젖다.</li>
    <li>나: 엄마. 저 <span style="color: #9400D3">물</span> 주세요.</li>
    <li>너: 냉장고에 보면 <span style="color: #9400D3">물</span>병이 있단다.</li>|
56181,동식물 > 동물류,초급,물고기,1,fish,|An underwater vertebrate that has gills, fins and scales.|,|물에서 사는, 아가미와 지느러미와 비늘이 있는 척추동물.|,|    <li><span style="color: #9400D3">물고기</span>가 떼죽음을 당하다.</li>
    <li><span style="color: #9400D3">물고기</span>가 살다.</li>
    <li><span style="color: #9400D3">물고기</span>가 죽다.</li>
    <li><span style="color: #9400D3">물고기</span>를 잡다.</li>
    <li><span style="color: #9400D3">물고기</span>를 키우다.</li>
    <li>나: 아빠, 저 <span style="color: #9400D3">물고기</span> 키우고 싶어요.</li>
    <li>너: 그래, 금붕어랑 어항이랑 같이 사러 가자꾸나.</li>|
56271,식생활 > 음식,초급,미역국,1,miyeokguk,A soup that is made with seaweed.,미역을 넣어 끓인 국.,|    <li>따뜻한 <span style="color: #9400D3">미역국</span>.</li>
    <li>맛있는 <span style="color: #9400D3">미역국</span>.</li>
    <li><span style="color: #9400D3">미역국</span>을 끓이다.</li>
    <li><span style="color: #9400D3">미역국</span>을 먹다.</li>
    <li><span style="color: #9400D3">미역국</span>을 좋아하다.</li>
    <li>나: 한국의 엄마들은 출산을 하면 왜 <span style="color: #9400D3">미역국</span>을 먹어요?</li>
    <li>너: 혈액 순환을 도와서 모유가 잘 나오기 때문이에요.</li>|
57411,식생활 > 식재료,초급,밀가루,1,wheat flour,Powder made by grinding wheat.,밀을 빻아 만든 가루.,|    <li><span style="color: #9400D3">밀가루</span> 한 포대.</li>
    <li><span style="color: #9400D3">밀가루</span> 반죽.</li>
    <li><span style="color: #9400D3">밀가루</span> 음식.</li>
    <li><span style="color: #9400D3">밀가루</span>가 들어가다.</li>
    <li><span style="color: #9400D3">밀가루</span>를 넣다.</li>
    <li><span style="color: #9400D3">밀가루</span>를 사다.</li>
    <li><span style="color: #9400D3">밀가루</span>를 사용하다.</li>
    <li><span style="color: #9400D3">밀가루</span>로 만들다.</li>
    <li>나: 케이크가 먹고 싶은데 저녁때 만들어 주면 안 될까?</li>
    <li>너: 그럼 퇴근하는 길에 <span style="color: #9400D3">밀가루</span>를 좀 사 와.</li>|
31451,식생활 > 과일,초급,바나나,1,banana,|A long, curved tropical fruit which has yellow skin and soft, sweet white flesh, and peels easily.|,길고 굽은 모양으로 껍질이 노랗고 잘 벗겨지며 흰 살이 달고 부드러운 열대 과일.,|    <li>노란 <span style="color: #9400D3">바나나</span>.</li>
    <li><span style="color: #9400D3">바나나</span> 한 송이.</li>
    <li><span style="color: #9400D3">바나나</span> 껍질.</li>
    <li><span style="color: #9400D3">바나나</span> 묶음.</li>
    <li><span style="color: #9400D3">바나나</span>가 열리다.</li>
    <li><span style="color: #9400D3">바나나</span>를 까먹다.</li>
    <li><span style="color: #9400D3">바나나</span>를 수입하다.</li>|
57641,식생활 > 음식,초급,반찬,1,side dish,Food to eat with rice when having a meal.,식사를 할 때 밥에 곁들여 먹는 음식.,|    <li>도시락 <span style="color: #9400D3">반찬</span>.</li>
    <li>매운 <span style="color: #9400D3">반찬</span>.</li>
    <li>짠 <span style="color: #9400D3">반찬</span>.</li>
    <li><span style="color: #9400D3">반찬</span> 가게.</li>
    <li><span style="color: #9400D3">반찬</span>이 남다.</li>
    <li><span style="color: #9400D3">반찬</span>이 떨어지다.</li>
    <li><span style="color: #9400D3">반찬</span>이 많다.</li>
    <li><span style="color: #9400D3">반찬</span>이 부족하다.</li>
    <li><span style="color: #9400D3">반찬</span>을 만들다.</li>
    <li><span style="color: #9400D3">반찬</span>을 사다.</li>
    <li>나: 엄마, 오늘 무슨 <span style="color: #9400D3">반찬</span>을 이렇게 많이 차리셨어요?</li>
    <li>너: 오늘이 네 생일이라서 요리를 좀 했지. 맛있게 먹으렴.</li>|
62683,식생활 > 음식,초급,밥,1,steamed rice; rice,A dish made by boiling rice and other grains until the water has cooked away.,쌀과 다른 곡식에 물을 붓고 물이 없어질 때까지 끓여서 익힌 음식.,|    <li><span style="color: #9400D3">밥</span>이 되다.</li>
    <li><span style="color: #9400D3">밥이</span> 되다.</li>
    <li><span style="color: #9400D3">밥</span>이 설익다.</li>
    <li><span style="color: #9400D3">밥이</span> 설익다.</li>
    <li><span style="color: #9400D3">밥</span>이 익다.</li>
    <li><span style="color: #9400D3">밥이</span> 익다.</li>
    <li><span style="color: #9400D3">밥</span>이 질다.</li>
    <li><span style="color: #9400D3">밥이</span> 질다.</li>
    <li><span style="color: #9400D3">밥</span>이 타다.</li>
    <li><span style="color: #9400D3">밥이</span> 타다.</li>
    <li><span style="color: #9400D3">밥</span>을 담다.</li>
    <li><span style="color: #9400D3">밥</span>을 뜨다.</li>
    <li><span style="color: #9400D3">밥</span>을 먹다.</li>
    <li><span style="color: #9400D3">밥</span>을 볶다.</li>
    <li><span style="color: #9400D3">밥</span>을 안치다.</li>
    <li><span style="color: #9400D3">밥</span>을 짓다.</li>
    <li><span style="color: #9400D3">밥</span>을 태우다.</li>
    <li><span style="color: #9400D3">밥</span>을 푸다.</li>
    <li>나: <span style="color: #9400D3">밥</span>이 뜸이 덜 들었나봐.</li>
    <li>너: 그러네. 덜 익었어.</li>|
31454,식생활 > 과일,초급,배,1,pear,|A round sweet juicy fruit with yellow skin and white insides, which is produced in the fall.|,|껍질은 누렇고 속은 희며 즙이 많고 단맛이 나는, 가을에 나는 둥근 과일.|,|    <li>둥근 <span style="color: #9400D3">배</span>.</li>
    <li><span style="color: #9400D3">배</span>가 달다.</li>
    <li><span style="color: #9400D3">배</span>가 열리다.</li>
    <li><span style="color: #9400D3">배</span>를 갈다.</li>
    <li><span style="color: #9400D3">배</span>를 깎다.</li>
    <li><span style="color: #9400D3">배</span>를 따다.</li>
    <li><span style="color: #9400D3">배</span>를 먹다.</li>
    <li>나: 우리 <span style="color: #9400D3">배</span>를 좀 깎아 먹을까?</li>
    <li>너: 응. <span style="color: #9400D3">배</span>가 좀 크니까 하나만 깎으면 되겠다.</li>|
58433,식생활 > 채소,초급,배추,1,Chinese cabbage; napa cabbage,|A long, green vegetable with yellowish white insides, of which the round leaves are grown overlapping each other, mainly used to make kimchi.|,|길고 둥근 잎이 포개져 자라는, 속은 누런 흰색이고 겉은 녹색이며 김칫거리로 많이 쓰이는 채소.|,|    <li><span style="color: #9400D3">배추</span> 다섯 통.</li>
    <li><span style="color: #9400D3">배추</span> 세 단.</li>
    <li><span style="color: #9400D3">배추</span> 열 포기.</li>
    <li><span style="color: #9400D3">배추</span>가 싱싱하다.</li>
    <li><span style="color: #9400D3">배추</span>를 다듬다.</li>
    <li><span style="color: #9400D3">배추</span>를 절이다.</li>
    <li><span style="color: #9400D3">배추</span>로 김치를 담그다.</li>
    <li>나: 유민아, 김치를 담그게 <span style="color: #9400D3">배추</span> 좀 사 오너라.</li>
    <li>너: 네. 몇 포기나 사 올까요?</li>|
60202,식생활 > 음식,초급,볶음밥,1,fried rice,A dish made by stir-frying rice with sliced vegetables or meat in oil. ,밥에 채소나 고기 등을 잘게 썰어 넣고 기름에 볶아 만든 음식.,|    <li><span style="color: #9400D3">볶음밥</span>의 재료.</li>
    <li><span style="color: #9400D3">볶음밥</span>을 만들다.</li>
    <li><span style="color: #9400D3">볶음밥</span>을 먹다.</li>
    <li><span style="color: #9400D3">볶음밥</span>을 요리하다.</li>
    <li><span style="color: #9400D3">볶음밥</span>을 주문하다.</li>
    <li>나: 오늘 점심은 뭘로 먹을까?</li>
    <li>너: 해물이 들어간 <span style="color: #9400D3">볶음밥</span> 어때?</li>|
60205,식생활 > 음식,초급,분식,1,flour-based food,Food made of flour. ,밀가루로 만든 음식.,|    <li>간단한 <span style="color: #9400D3">분식</span>.</li>
    <li>맛있는 <span style="color: #9400D3">분식</span>.</li>
    <li><span style="color: #9400D3">분식</span>을 먹다.</li>
    <li><span style="color: #9400D3">분식</span>을 좋아하다.</li>
    <li><span style="color: #9400D3">분식</span>으로 끼니를 때우다.</li>
    <li>나: 우리 그냥 간단히 <span style="color: #9400D3">분식</span>이나 먹을까?</li>
    <li>너: 좋아! 그럼 우리 떡볶이랑 라면 먹을래?</li>|
26848,식생활 > 음식,초급,불고기,1,bulgogi,barbequed beef: Traditional Korean food made by roasting seasoned slices of pork or beef.,얇게 썰어 양념한 돼지고기나 쇠고기를 불에 구운 한국 전통 음식.,|    <li>맛있는 <span style="color: #9400D3">불고기</span>.</li>
    <li><span style="color: #9400D3">불고기</span> 일 인분.</li>
    <li><span style="color: #9400D3">불고기</span> 양념.</li>
    <li><span style="color: #9400D3">불고기</span> 전문점.</li>
    <li><span style="color: #9400D3">불고기</span>가 익다.</li>
    <li><span style="color: #9400D3">불고기</span>를 굽다.</li>
    <li><span style="color: #9400D3">불고기</span>를 만들다.</li>
    <li><span style="color: #9400D3">불고기</span>를 먹다.</li>
    <li><span style="color: #9400D3">불고기</span>를 시키다.</li>|
71066,식생활 > 음식,초급,비빔밥,1,bibimbap,|Rice topped with sliced meat, mushrooms, eggs, seasoned vegetables, some seasonings, etc., of which all the ingredients are stirred before eating.|,|고기, 버섯, 계란, 나물 등에 여러 가지 양념을 넣고 비벼 먹는 밥.|,|    <li>돌솥 <span style="color: #9400D3">비빔밥</span>.</li>
    <li>산채 <span style="color: #9400D3">비빔밥</span>.</li>
    <li><span style="color: #9400D3">비빔밥</span>을 만들다.</li>
    <li><span style="color: #9400D3">비빔밥</span>을 먹다.</li>
    <li>나: 입맛도 없는데 <span style="color: #9400D3">비빔밥</span>이나 만들어 먹을까?</li>
    <li>너: 냉장고에 있는 반찬도 넣고 계란 프라이도 해서 곁들여 먹자.</li>|
23402,식생활 > 음식,초급,빵,1,bread,Food made by baking or steaming fermented dough.,밀가루를 반죽하여 발효시켜 찌거나 구운 음식.,|    <li>야채 <span style="color: #9400D3">빵</span>.</li>
    <li>제과점 <span style="color: #9400D3">빵</span>.</li>
    <li>호밀 <span style="color: #9400D3">빵</span>.</li>
    <li>갓 구운 <span style="color: #9400D3">빵</span>.</li>
    <li>식은 <span style="color: #9400D3">빵</span>.</li>
    <li><span style="color: #9400D3">빵</span> 한 개.</li>
    <li><span style="color: #9400D3">빵</span> 한 조각.</li>
    <li><span style="color: #9400D3">빵</span> 가게.</li>
    <li><span style="color: #9400D3">빵</span> 장수.</li>
    <li><span style="color: #9400D3">빵</span>이 딱딱하다.</li>
    <li><span style="color: #9400D3">빵</span>이 부드럽다.</li>
    <li><span style="color: #9400D3">빵</span>을 굽다.</li>
    <li><span style="color: #9400D3">빵</span>에 발라먹다.</li>
    <li><span style="color: #9400D3">빵</span>으로 끼니를 때우다.</li>
    <li>나: 할 일이 많은데 점심은 어떻게 하지?</li>
    <li>너: 간단히 <span style="color: #9400D3">빵</span>으로 때우자.</li>|
61250,식생활 > 식생활 관련 장소,초급,빵집,1,bakery,A shop that bakes and sells bread.,빵을 만들어 파는 가게.,|    <li><span style="color: #9400D3">빵집</span> 가게.</li>
    <li><span style="color: #9400D3">빵집</span> 장사.</li>
    <li><span style="color: #9400D3">빵집</span> 점원.</li>
    <li><span style="color: #9400D3">빵집</span> 주인.</li>
    <li><span style="color: #9400D3">빵집</span>을 열다.</li>
    <li><span style="color: #9400D3">빵집</span>을 운영하다.</li>
    <li><span style="color: #9400D3">빵집</span>에 가다.</li>
    <li><span style="color: #9400D3">빵집</span>에 들르다.</li>
    <li><span style="color: #9400D3">빵집</span>에서 사다.</li>
    <li><span style="color: #9400D3">빵집</span>에서 일하다.</li>
    <li><span style="color: #9400D3">빵집</span>에서 주문하다.</li>
    <li><span style="color: #9400D3">빵집</span>으로 가다.</li>
    <li>나: <span style="color: #9400D3">빵집</span>에는 왜 들르려는 거야?</li>
    <li>너: 오늘이 엄마 생신이라 케이크를 하나 사려고.</li>|
66371,식생활 > 과일,초급,사과,1,apple,A round-shaped sweet and sour fruit with red skin. ,모양이 둥글고 붉으며 새콤하고 단맛이 나는 과일.,|    <li>빨간 <span style="color: #9400D3">사과</span>.</li>
    <li><span style="color: #9400D3">사과</span> 껍질.</li>
    <li><span style="color: #9400D3">사과</span>를 따다.</li>
    <li><span style="color: #9400D3">사과</span>를 먹다.</li>
    <li><span style="color: #9400D3">사과</span>를 사다.</li>
    <li><span style="color: #9400D3">사과</span>를 씻다.</li>
    <li>나: 명절인데 친척들한테 무슨 선물을 하면 좋을까요?</li>
    <li>너: 요즘 <span style="color: #9400D3">사과</span>가 맛있는 철인데 <span style="color: #9400D3">사과</span>를 한 박스씩 선물하면 어때요?</li>|
61222,식생활 > 음료,초급,사이다,1,soda pop,A soft drink made by mixing soda with sweetened water. ,설탕물에 탄산을 섞어서 만든 음료수.,|    <li>시원한 <span style="color: #9400D3">사이다</span>.</li>
    <li><span style="color: #9400D3">사이다</span> 한 캔.</li>
    <li><span style="color: #9400D3">사이다</span> 거품.</li>
    <li><span style="color: #9400D3">사이다</span> 병.</li>
    <li><span style="color: #9400D3">사이다</span>를 마시다.</li>
    <li><span style="color: #9400D3">사이다</span>를 좋아하다.</li>
    <li>나: 와, 나도 그 과자 먹고 싶다. 하나만 줘.</li>
    <li>너: 그래. 대신 나도 네 <span style="color: #9400D3">사이다</span> 한 모금만 마시게 해 줘.</li>|
57306,식생활 > 음식,초급,사탕,1,candy,|A bite-sized, hard and sweet confection made by boiling Korean liquid sweetener, yeot or sugar. |,엿이나 설탕을 졸여서 입에 넣기 좋은 크기로 만든 딱딱하고 단 과자.,|    <li>막대 <span style="color: #9400D3">사탕</span>.</li>
    <li><span style="color: #9400D3">사탕</span> 봉지.</li>
    <li><span style="color: #9400D3">사탕</span>을 먹다.</li>
    <li><span style="color: #9400D3">사탕</span>을 물다.</li>
    <li><span style="color: #9400D3">사탕</span>을 빨다.</li>
    <li>나: 무슨 <span style="color: #9400D3">사탕</span>을 그렇게 많이 샀어?</li>
    <li>너: 할아버지가 단것을 좋아하셔서 좀 샀어요.</li>|
61847,식생활 > 식재료,초급,삼겹살,1,samgyeopsal,|pork belly meat: A fleshy part of a pork belly, featuring three layers of fat and flesh, grilled pork belly, a Korea dish made from the meat.|,|비계와 살이 세 겹으로 되어 있는, 돼지의 가슴 부분 살.|,|    <li><span style="color: #9400D3">삼겹살</span> 이 인분.</li>
    <li><span style="color: #9400D3">삼겹살</span> 삼백 그램.</li>
    <li><span style="color: #9400D3">삼겹살</span> 한 근.</li>
    <li><span style="color: #9400D3">삼겹살</span>을 굽다.</li>
    <li><span style="color: #9400D3">삼겹살</span>을 먹다.</li>
    <li><span style="color: #9400D3">삼겹살</span>을 사다.</li>
    <li>나: 네 옷에서 고기 냄새가 난다. 회식을 했어?</li>
    <li>너: 응. 오늘 우리 부서 회식이어서 <span style="color: #9400D3">삼겹살</span>에 소주를 한잔하고 왔어.</li>|
14582,식생활 > 음식,초급,삼계탕,1,samgyetang,|ginseng chicken soup: A dish made by boiling down a young chicken stuffed with ginseng, sticky rice, jujubes, etc.|,|어린 닭에 인삼, 찹쌀, 대추 등을 넣고 푹 삶은 음식.|,|    <li><span style="color: #9400D3">삼계탕</span>을 끓이다.</li>
    <li><span style="color: #9400D3">삼계탕</span>을 먹다.</li>
    <li><span style="color: #9400D3">삼계탕</span>을 사 먹다.</li>
    <li><span style="color: #9400D3">삼계탕</span>을 삶다.</li>
    <li><span style="color: #9400D3">삼계탕</span>을 팔다.</li>
    <li>나: 이 가게는 <span style="color: #9400D3">삼계탕</span>으로 유명해서 사람들이 줄을 서는 곳이야.</li>
    <li>너: 뭔가 특별한 비법이라도 있나 보네.</li>|
62984,식생활 > 채소,초급,상추,1,lettuce,|A green vegetable with a wrinkled, broad leaf, usually eaten by making wraps.|,|잎이 쭈글쭈글하고 넓은, 주로 쌈을 사서 먹는 녹색 채소.|,|    <li><span style="color: #9400D3">상추</span>가 자라다.</li>
    <li><span style="color: #9400D3">상추</span>를 기르다.</li>
    <li><span style="color: #9400D3">상추</span>를 먹다.</li>
    <li><span style="color: #9400D3">상추</span>를 뽑다.</li>
    <li><span style="color: #9400D3">상추</span>를 심다.</li>
    <li><span style="color: #9400D3">상추</span>에 고기를 싸다.</li>|
31483,식생활 > 음식,초급,샌드위치,1,sandwich,|Food made by putting vegetables, meat, egg, cheese, etc., between two pieces of bread. |,|두 조각의 빵 사이에 채소나 고기, 달걀, 치즈 등을 넣어 만든 음식.|,|    <li>감자 <span style="color: #9400D3">샌드위치</span>.</li>
    <li>야채 <span style="color: #9400D3">샌드위치</span>.</li>
    <li>참치 <span style="color: #9400D3">샌드위치</span>.</li>
    <li>햄 <span style="color: #9400D3">샌드위치</span>.</li>
    <li>맛있는 <span style="color: #9400D3">샌드위치</span>.</li>
    <li><span style="color: #9400D3">샌드위치</span>를 만들다.</li>
    <li><span style="color: #9400D3">샌드위치</span>를 먹다.</li>
    <li><span style="color: #9400D3">샌드위치</span>로 때우다.</li>
    <li>나: 점심에 시간도 없는데 <span style="color: #9400D3">샌드위치</span>나 먹을까?</li>
    <li>너: 그래. 점심은 간단하게 먹자.</li>|
26850,식생활 > 식재료,초급,생선,1,raw fish,Fresh fish that has just been caught for food.,먹기 위해서 물에서 잡아 올린 신선한 물고기.,|    <li>냉동 <span style="color: #9400D3">생선</span>.</li>
    <li>갓 잡은 <span style="color: #9400D3">생선</span>.</li>
    <li>구운 <span style="color: #9400D3">생선</span>.</li>
    <li>등 푸른 <span style="color: #9400D3">생선</span>.</li>
    <li>말린 <span style="color: #9400D3">생선</span>.</li>
    <li>신선한 <span style="color: #9400D3">생선</span>.</li>
    <li>싱싱한 <span style="color: #9400D3">생선</span>.</li>
    <li>흰 살 <span style="color: #9400D3">생선</span>.</li>
    <li><span style="color: #9400D3">생선</span> 두 마리.</li>
    <li><span style="color: #9400D3">생선</span> 가게.</li>
    <li><span style="color: #9400D3">생선</span> 가시.</li>
    <li><span style="color: #9400D3">생선</span> 냄새.</li>
    <li><span style="color: #9400D3">생선</span> 비늘.</li>
    <li><span style="color: #9400D3">생선</span> 비린내.</li>
    <li><span style="color: #9400D3">생선</span> 요리.</li>
    <li><span style="color: #9400D3">생선</span> 장수.</li>
    <li><span style="color: #9400D3">생선</span> 초밥.</li>
    <li><span style="color: #9400D3">생선</span>을 굽다.</li>
    <li><span style="color: #9400D3">생선</span>을 먹다.</li>
    <li><span style="color: #9400D3">생선</span>을 사다.</li>
    <li><span style="color: #9400D3">생선</span>을 잡다.</li>
    <li><span style="color: #9400D3">생선</span>을 조리다.</li>
    <li><span style="color: #9400D3">생선</span>을 팔다.</li>
    <li>나: <span style="color: #9400D3">생선</span> 가격이 어떻게 되나요?</li>
    <li>너: 명태는 한 마리에 삼천 원, 갈치는 한 마리에 만 원입니다.</li>|
44999,식생활 > 음식,초급,설렁탕,1,seolleongtang,|A soup made by boiling cow heads, intestines, bones, feet, etc., thoroughly, or the soup with rice in it.|,|소의 머리, 내장, 뼈, 발 등을 푹 끓여서 만든 국. 또는 그 국에 밥을 만 음식.|,|    <li><span style="color: #9400D3">설렁탕</span> 한 그릇.</li>
    <li><span style="color: #9400D3">설렁탕</span> 가게.</li>
    <li><span style="color: #9400D3">설렁탕</span> 국물.</li>
    <li><span style="color: #9400D3">설렁탕</span>을 끓이다.</li>
    <li><span style="color: #9400D3">설렁탕</span>을 먹다.</li>
    <li><span style="color: #9400D3">설렁탕</span>을 주문하다.</li>|
92071,식생활 > 식재료,초급,소고기,1,beef,|Meat from cow, bull or ox. |,소의 고기.,|    <li>국산 <span style="color: #9400D3">소고기</span>.</li>
    <li><span style="color: #9400D3">소고기</span> 국.</li>
    <li><span style="color: #9400D3">소고기</span> 반찬.</li>
    <li><span style="color: #9400D3">소고기</span> 등심.</li>
    <li><span style="color: #9400D3">소고기</span> 안심.</li>
    <li><span style="color: #9400D3">소고기</span> 판매.</li>
    <li><span style="color: #9400D3">소고기</span> 도매.</li>
    <li><span style="color: #9400D3">소고기</span> 불고기.</li>
    <li><span style="color: #9400D3">소고기</span> 스테이크.</li>
    <li><span style="color: #9400D3">소고기</span>가 비싸다.</li>
    <li><span style="color: #9400D3">소고기</span>가 맛있다.</li>
    <li><span style="color: #9400D3">소고기</span>를 먹다.</li>
    <li><span style="color: #9400D3">소고기</span>를 좋아하다.</li>
    <li>나: 지수야, 정육점에 가서 <span style="color: #9400D3">소고기</span> 좀 사 오너라.</li>
    <li>너: 네, 엄마. 몇 근이나 사 올까요?</li>|
81672,식생활 > 음료,초급,소주,1,soju,|A Korean liquor distilled with grains, sweet potatoes, etc.|,곡식이나 고구마 등으로 만든 술을 끓여서 얻는 술.,|    <li><span style="color: #9400D3">소주</span>를 고다.</li>
    <li><span style="color: #9400D3">소주</span>를 넣다.</li>
    <li><span style="color: #9400D3">소주</span>를 받다.</li>
    <li><span style="color: #9400D3">소주</span>를 붓다.</li>
    <li><span style="color: #9400D3">소주</span>에 담그다.</li>
    <li>나: 이 돼지고기를 왜 <span style="color: #9400D3">소주</span>에 담가 뒀어요?</li>
    <li>너: 돼지고기에서 냄새가 나지 않게 하려고 그런 거예요.</li>|
93377,식생활 > 음식,초급,순두부찌개,1,sundubujjigae,Stew made by boiling soft tofu.,순두부를 넣어 끓인 찌개. ,|    <li><span style="color: #9400D3">순두부찌개</span> 냄새.</li>
    <li><span style="color: #9400D3">순두부찌개</span> 추가.</li>
    <li><span style="color: #9400D3">순두부찌개</span> 만드는 방법.</li>
    <li><span style="color: #9400D3">순두부찌개</span>와 된장찌개.</li>
    <li><span style="color: #9400D3">순두부찌개</span>와 어울리는 음식.</li>
    <li>나: 그 식당에 <span style="color: #9400D3">순두부찌개</span>가 있어요?</li>
    <li>너: 네, 있어요. 같이 먹으러 가요.</li>|
65380,식생활 > 식생활 관련 장소,초급,술집,1,bar,A place that sells alcohol.,술을 파는 집.,|    <li>고급 <span style="color: #9400D3">술집</span>.</li>
    <li>싸구려 <span style="color: #9400D3">술집</span>.</li>
    <li>비싼 <span style="color: #9400D3">술집</span>.</li>
    <li><span style="color: #9400D3">술집</span> 여자.</li>
    <li><span style="color: #9400D3">술집</span> 종업원.</li>
    <li><span style="color: #9400D3">술집</span> 주인.</li>
    <li><span style="color: #9400D3">술집</span> 출입.</li>
    <li><span style="color: #9400D3">술집</span>을 찾다.</li>
    <li><span style="color: #9400D3">술집</span>에 가다.</li>
    <li><span style="color: #9400D3">술집</span>에 나가다.</li>
    <li><span style="color: #9400D3">술집</span>에 드나들다.</li>
    <li><span style="color: #9400D3">술집</span>에 다니다.</li>|
65218,식생활 > 음식,초급,스파게티,1,spaghetti,|A dish made with long, thin Italian noodles.|,가늘고 긴 이탈리아식 국수로 만든 요리.,|    <li>크림 <span style="color: #9400D3">스파게티</span>.</li>
    <li>토마토 <span style="color: #9400D3">스파게티</span>.</li>
    <li><span style="color: #9400D3">스파게티</span> 면.</li>
    <li><span style="color: #9400D3">스파게티</span> 소스.</li>
    <li><span style="color: #9400D3">스파게티</span>를 만들다.</li>
    <li><span style="color: #9400D3">스파게티</span>를 먹다.</li>
    <li>나: 오랜만에 레스토랑에 가서 외식을 할까?</li>
    <li>너: 그래. 그럼 <span style="color: #9400D3">스파게티</span>랑 스테이크를 시켜 먹자.</li>|
66285,식생활 > 맛,초급,시다,1,sour,Tasting vinegary.,1이 시다,|    <li><span style="color: #9400D3">신</span> 레몬.</li>
    <li><span style="color: #9400D3">신</span> 음식.</li>
    <li><span style="color: #9400D3">신</span> 키위.</li>
    <li>귤이 <span style="color: #9400D3">시다</span>.</li>
    <li>식초가 <span style="color: #9400D3">시다</span>.</li>
    <li>나: 임신하고 나니까  신 게 계속 먹고 싶어.</li>
    <li>너: 우리 엄마도 나 가졌을 때 귤을 그렇게 많이 드셨대.</li>|
29769,식생활 > 식사 및 조리 행위,초급,시키다,1,order,To make a person do something.,1이 2에/에게/를 3을 시키다,|    <li>결혼을 <span style="color: #9400D3">시키다</span>.</li>
    <li>교육을 <span style="color: #9400D3">시키다</span>.</li>
    <li>노래를 <span style="color: #9400D3">시키다</span>.</li>
    <li>말을 <span style="color: #9400D3">시키다</span>.</li>
    <li>심부름을 <span style="color: #9400D3">시키다</span>.</li>
    <li>인사를 <span style="color: #9400D3">시키다</span>.</li>
    <li>일을 <span style="color: #9400D3">시키다</span>.</li>
    <li>주의를 <span style="color: #9400D3">시키다</span>.</li>
    <li>청소를 <span style="color: #9400D3">시키다</span>.</li>|
30204,초급,동사,식다,1,cool; cool down; get cold,For warmth to disappear.,1이 식다,|    <li><span style="color: #9400D3">식어</span> 버린 커피.</li>
    <li>국이 <span style="color: #9400D3">식다</span>.</li>
    <li>땅이 <span style="color: #9400D3">식다</span>.</li>
    <li>물이 <span style="color: #9400D3">식다</span>.</li>
    <li>방이 <span style="color: #9400D3">식다</span>.</li>
    <li>음식이 <span style="color: #9400D3">식다</span>.</li>
    <li>차가 <span style="color: #9400D3">식다</span>.</li>
    <li>커피가 <span style="color: #9400D3">식다</span>.</li>
    <li>얼음장처럼 <span style="color: #9400D3">식다</span>.</li>
    <li>빨리 <span style="color: #9400D3">식다</span>.</li>
    <li>싸늘하게 <span style="color: #9400D3">식다</span>.</li>
    <li>차갑게 <span style="color: #9400D3">식다</span>.</li>
    <li>나: 국이 식기 전에 빨리 와서 드세요.</li>
    <li>너: 응, 이것만 하고 갈게.</li>|
36693,식생활 > 식생활 관련 장소,초급,식당,1,cafeteria; restaurant,A place for eating meals within a building.,건물 안에 식사를 할 수 있게 만든 방.,|    <li>직원 <span style="color: #9400D3">식당</span>.</li>
    <li>학생 <span style="color: #9400D3">식당</span>.</li>
    <li>회사 <span style="color: #9400D3">식당</span>.</li>
    <li><span style="color: #9400D3">식당</span>에 가다.</li>
    <li><span style="color: #9400D3">식당</span>에서 밥을 먹다.</li>|
65318,식생활 > 음식,초급,식빵,1,bread,|Square-shaped, plain bread for eating.|,식사를 하기 위해 먹는 네모 모양의 담백한 빵.,|    <li><span style="color: #9400D3">식빵</span> 한 조각.</li>
    <li><span style="color: #9400D3">식빵</span>을 굽다.</li>
    <li><span style="color: #9400D3">식빵</span>을 사다.</li>
    <li><span style="color: #9400D3">식빵</span>을 먹다.</li>
    <li><span style="color: #9400D3">식빵</span>을 썰다.</li>
    <li>나: 지수야, 우리 빵 사러 가자.</li>
    <li>너: 그래. 나도 내일 아침에 먹을 <span style="color: #9400D3">식빵</span>을 좀 사야겠다.</li>|
29596,식생활 > 식사 및 조리 행위,초급,식사,1,meal,|The act of eating food daily at a certain time such as breakfast, lunch and dinner, or such food.|,|아침, 점심, 저녁과 같이 날마다 일정한 시간에 음식을 먹는 일. 또는 그 음식.|,|    <li>아침 <span style="color: #9400D3">식사</span>.</li>
    <li>저녁 <span style="color: #9400D3">식사</span>.</li>
    <li>점심 <span style="color: #9400D3">식사</span>.</li>
    <li>규칙적인 <span style="color: #9400D3">식사</span>.</li>
    <li>맛있는 <span style="color: #9400D3">식사</span>.</li>
    <li><span style="color: #9400D3">식사</span> 비용.</li>
    <li><span style="color: #9400D3">식사</span> 습관.</li>
    <li><span style="color: #9400D3">식사</span> 약속.</li>
    <li><span style="color: #9400D3">식사</span> 예절.</li>
    <li><span style="color: #9400D3">식사</span>를 거르다.</li>
    <li><span style="color: #9400D3">식사</span>를 대접하다.</li>
    <li><span style="color: #9400D3">식사</span>를 때우다.</li>
    <li><span style="color: #9400D3">식사</span>를 시키다.</li>
    <li><span style="color: #9400D3">식사</span>를 주문하다.</li>
    <li><span style="color: #9400D3">식사</span>를 하다.</li>
    <li>나: 김 대리님, 오늘 저녁에 제가 <span style="color: #9400D3">식사</span>를 대접해도 될까요?</li>
    <li>너: 아니에요. 제가 살게요. 같이 맛있는 걸 먹으러 갑시다.</li>|
65326,식생활 > 식재료,초급,식초,1,vinegar,A liquid seasoning that tastes sour made by fermenting raw ingredients.,원료를 발효시켜서 만드는 신맛이 나는 액체 조미료.,|    <li>사과 <span style="color: #9400D3">식초</span>.</li>
    <li><span style="color: #9400D3">식초</span> 냄새.</li>
    <li><span style="color: #9400D3">식초</span>를 넣다.</li>
    <li><span style="color: #9400D3">식초</span>를 만들다.</li>
    <li><span style="color: #9400D3">식초</span>를 치다.</li>
    <li>나: 선생님, 요리가 거의 다 된 것 같은데 이제 어떻게 하면 되나요?</li>
    <li>너: 마지막으로 요리를 먹기 직전에 <span style="color: #9400D3">식초</span>를 넣어 맛을 내세요.</li>|
66277,식생활 > 식재료,초급,식품,1,food,Food that people eat.,사람이 먹는 음식물.,|    <li>상한 <span style="color: #9400D3">식품</span>.</li>
    <li>신선한 <span style="color: #9400D3">식품</span>.</li>
    <li><span style="color: #9400D3">식품</span> 업계.</li>
    <li><span style="color: #9400D3">식품</span>을 공급하다.</li>
    <li><span style="color: #9400D3">식품</span>을 관리하다.</li>
    <li><span style="color: #9400D3">식품</span>을 보관하다.</li>
    <li><span style="color: #9400D3">식품</span>을 섭취하다.</li>
    <li>나: 이건 처음 보는 건데, 뭐예요?</li>
    <li>너: 이건 여성들에게 좋은 영양소를 넣어 만든 특수 <span style="color: #9400D3">식품</span>이에요.</li>|
65343,초급,新鮮하다,신선하다,1,novel; original,New and fresh.,1이 신선하다,|    <li><span style="color: #9400D3">신선한</span> 감동.</li>
    <li><span style="color: #9400D3">신선한</span> 바람.</li>
    <li><span style="color: #9400D3">신선한</span> 흥미.</li>
    <li>생각이 <span style="color: #9400D3">신선하다</span>.</li>
    <li>감각이 <span style="color: #9400D3">신선하다</span>.</li>
    <li>무척 <span style="color: #9400D3">신선하다</span>.</li>|
16472,식생활 > 맛,초급,싱겁다,1,not salty; flat,Not tasting salty enough. ,1이 싱겁다,|    <li><span style="color: #9400D3">싱거운</span> 맛.</li>
    <li>간이 <span style="color: #9400D3">싱겁다</span>.</li>
    <li>국물이 <span style="color: #9400D3">싱겁다</span>.</li>
    <li>맛이 <span style="color: #9400D3">싱겁다</span>.</li>
    <li>음식이 <span style="color: #9400D3">싱겁다</span>.</li>
    <li>나: 국이 좀 싱겁네요.</li>
    <li>너: 그럼 소금을 좀 더 넣을까요?</li>|
62094,식생활 > 곡류,초급,쌀,1,rice,The peeled grains of rice that are cooked for a meal.,|밥을 만들어 먹는, 벼의 껍질을 벗긴 알맹이.|,|    <li><span style="color: #9400D3">쌀</span> 세 가마.</li>
    <li><span style="color: #9400D3">쌀</span> 한 톨.</li>
    <li><span style="color: #9400D3">쌀</span> 가마니.</li>
    <li><span style="color: #9400D3">쌀</span>과 보리.</li>
    <li><span style="color: #9400D3">쌀</span>을 먹다.</li>
    <li>나: 엄마, 배고파요. 밥 좀 주세요.</li>
    <li>너: 그래, 지금 <span style="color: #9400D3">쌀</span> 씻고 있으니까 조금만 기다려. </li>|
16488,식생활 > 맛,초급,쓰다,1,bitter,Tasting like medicine.,1이 쓰다,|    <li>나물이 <span style="color: #9400D3">쓰다</span>.</li>
    <li>약이 <span style="color: #9400D3">쓰다</span>.</li>
    <li>입이 <span style="color: #9400D3">쓰다</span>.</li>
    <li>커피가 <span style="color: #9400D3">쓰다</span>.</li>
    <li>나: 승규가 도통 보약을 먹으려고 하지를 않아서 큰일이에요.</li>
    <li>너: 아이가 먹기에 약이 너무 쓴 거 아니야?</li>|
65972,식생활 > 식사 및 조리 행위,초급,씹다,1,chew; masticate,For a person or animal to cut food into small bits or grind it into a soft state with the teeth.,1이 2를 씹다,|    <li>고기를 <span style="color: #9400D3">씹다</span>.</li>
    <li>껌을 <span style="color: #9400D3">씹다</span>.</li>
    <li>여물을 <span style="color: #9400D3">씹다</span>.</li>
    <li>잘근잘근 <span style="color: #9400D3">씹다</span>.</li>
    <li>질겅질겅 <span style="color: #9400D3">씹다</span>.</li>
    <li>나: 강아지에게 쥐포를 줘도 될까요?</li>
    <li>너: 아뇨, 우리 개는 늙어서 이빨이 약해 쥐포는 씹을 수가 없어요.</li>|
26886,식생활 > 음식,초급,아이스크림,1,ice cream,|A smooth ice snack, made by freezing the mixture of sugar, milk, fruit juice, etc.|,|설탕, 우유, 과일즙 등을 섞어 얼려서 만든 부드러운 얼음과자.|,|    <li>과일 <span style="color: #9400D3">아이스크림</span>.</li>
    <li>딸기 <span style="color: #9400D3">아이스크림</span>.</li>
    <li>바닐라 <span style="color: #9400D3">아이스크림</span>.</li>
    <li>초코 <span style="color: #9400D3">아이스크림</span>.</li>
    <li>달콤한 <span style="color: #9400D3">아이스크림</span>.</li>
    <li>부드러운 <span style="color: #9400D3">아이스크림</span>.</li>
    <li>차가운 <span style="color: #9400D3">아이스크림</span>.</li>
    <li><span style="color: #9400D3">아이스크림</span> 가게.</li>
    <li><span style="color: #9400D3">아이스크림</span>이 녹다.</li>
    <li><span style="color: #9400D3">아이스크림</span>이 맛있다.</li>
    <li><span style="color: #9400D3">아이스크림</span>을 만들다.</li>
    <li><span style="color: #9400D3">아이스크림</span>을 먹다.</li>
    <li><span style="color: #9400D3">아이스크림</span>을 얼리다.</li>
    <li><span style="color: #9400D3">아이스크림</span>을 팔다.</li>|
90066,식생활 > 채소,초급,야채,1,vegetable,|A plant cultivated in the field, whose leaves, stems, or fruits are mostly edible. |,|밭에서 기르며 주로 그 잎이나 줄기, 열매를 먹는 농작물.|,|    <li>신선한 <span style="color: #9400D3">야채</span>.</li>
    <li><span style="color: #9400D3">야채</span> 가게.</li>
    <li><span style="color: #9400D3">야채</span>를 데치다.</li>
    <li><span style="color: #9400D3">야채</span>를 만들다.</li>
    <li><span style="color: #9400D3">야채</span>를 먹다.</li>
    <li><span style="color: #9400D3">야채</span>를 사다.</li>
    <li>나: 아이가 <span style="color: #9400D3">야채</span>를 안 먹어서 걱정이에요.</li>
    <li>너: <span style="color: #9400D3">야채</span>를 잘게 썰어서 볶음밥을 만들어 주면 좋아할 거예요.</li>|
14324,식생활 > 음식,초급,양식,1,western food; western cuisine,|A western-style dish such as soup, steak, etc. |,수프나 스테이크 등과 같이 서양식으로 만든 음식.,|    <li><span style="color: #9400D3">양식</span> 요리.</li>
    <li><span style="color: #9400D3">양식</span>과 한식.</li>
    <li><span style="color: #9400D3">양식</span>을 먹다.</li>
    <li><span style="color: #9400D3">양식</span>을 배우다.</li>
    <li><span style="color: #9400D3">양식</span>을 제공하다.</li>
    <li>나: 너 조리사 자격증은 있니?</li>
    <li>너: 네. 한식은 저번에 땄고, <span style="color: #9400D3">양식</span>은 얼마 전에 땄어요.</li>|
68091,식생활 > 과일,초급,오렌지,1,orange,|An orange-colored, round fruit which is juicy and has thick skin.|,껍질이 두껍고 즙이 많은 주황색의 둥근 열매.,|    <li><span style="color: #9400D3">오렌지</span> 한 개.</li>
    <li><span style="color: #9400D3">오렌지</span> 껍질.</li>
    <li><span style="color: #9400D3">오렌지</span> 냄새.</li>
    <li><span style="color: #9400D3">오렌지</span> 농사.</li>
    <li><span style="color: #9400D3">오렌지</span> 맛.</li>
    <li><span style="color: #9400D3">오렌지</span> 빛깔.</li>
    <li><span style="color: #9400D3">오렌지</span> 주스.</li>
    <li><span style="color: #9400D3">오렌지</span> 향기.</li>
    <li><span style="color: #9400D3">오렌지</span>가 자라다.</li>
    <li><span style="color: #9400D3">오렌지</span>를 키우다.</li>
    <li>나: 아주머니, <span style="color: #9400D3">오렌지</span> 한 개에 얼마예요?</li>
    <li>너: 다섯 개에 삼천 원에 팔아요.</li>|
68059,식생활 > 채소,초급,오이,1,cucumber,|A plant which has yellow flowers and long, oval-shaped, green fruits in summer, or its fruit. |,여름에 노란 꽃이 피고 초록색의 긴 타원형 열매가 열리는 식물. 또는 그 열매.,|    <li><span style="color: #9400D3">오이</span>가 열리다.</li>
    <li><span style="color: #9400D3">오이</span>가 익다.</li>
    <li><span style="color: #9400D3">오이</span>를 따다.</li>
    <li><span style="color: #9400D3">오이</span>를 먹다.</li>
    <li><span style="color: #9400D3">오이</span>를 썰다.</li>
    <li><span style="color: #9400D3">오이</span>를 재배하다.</li>
    <li><span style="color: #9400D3">오이</span>를 좋아하다.</li>
    <li><span style="color: #9400D3">오이</span>를 키우다.</li>
    <li><span style="color: #9400D3">오이</span>로 만들다.</li>
    <li>나: 김밥에 <span style="color: #9400D3">오이</span>를 넣으니 아삭하고 시원한 게 맛이 괜찮네?</li>
    <li>너: 응. 여름에는 시금치가 쉽게 상해서 다른 재료를 넣는 것이 좋아.</li>|
69454,식생활 > 음식,초급,우동,1,udon,|Thick stripes of noodles, or a soup made by boiling them.  |,면발이 굵은 국수. 또는 그것을 삶아서 국물과 함께 요리한 음식.,|    <li>해물 <span style="color: #9400D3">우동</span>.</li>
    <li><span style="color: #9400D3">우동</span> 한 그릇.</li>
    <li><span style="color: #9400D3">우동</span> 가게.</li>
    <li><span style="color: #9400D3">우동</span> 국물.</li>
    <li><span style="color: #9400D3">우동</span> 사리.</li>
    <li><span style="color: #9400D3">우동</span>을 끓이다.</li>
    <li><span style="color: #9400D3">우동</span>을 만들다.</li>
    <li><span style="color: #9400D3">우동</span>을 먹다.</li>
    <li>나: 배가 출출한데 <span style="color: #9400D3">우동</span>이나 끓여 먹을까?</li>
    <li>너: 좋지.</li>|
26890,식생활 > 음료,초급,우유,1,milk,|The milk of a cow; a white liquid used to produce ice cream, butter, cheese, etc.|,|암소의 젖으로, 아이스크림, 버터, 치즈 등을 만드는 데 사용하는 흰 액체.|,|    <li>딸기 <span style="color: #9400D3">우유</span>.</li>
    <li>바나나 <span style="color: #9400D3">우유</span>.</li>
    <li>저지방 <span style="color: #9400D3">우유</span>.</li>
    <li>칼슘 <span style="color: #9400D3">우유</span>.</li>
    <li>탈지 <span style="color: #9400D3">우유</span>.</li>
    <li>데운 <span style="color: #9400D3">우유</span>.</li>
    <li>따뜻한 <span style="color: #9400D3">우유</span>.</li>
    <li>신선한 <span style="color: #9400D3">우유</span>.</li>
    <li>차가운 <span style="color: #9400D3">우유</span>.</li>
    <li>찬 <span style="color: #9400D3">우유</span>.</li>
    <li><span style="color: #9400D3">우유</span> 한 잔.</li>
    <li><span style="color: #9400D3">우유</span> 배달.</li>
    <li><span style="color: #9400D3">우유</span> 잔.</li>
    <li><span style="color: #9400D3">우유</span> 통.</li>
    <li><span style="color: #9400D3">우유</span> 팩.</li>
    <li><span style="color: #9400D3">우유</span>가 고소하다.</li>
    <li><span style="color: #9400D3">우유</span>가 맛있다.</li>
    <li><span style="color: #9400D3">우유</span>가 상하다.</li>
    <li><span style="color: #9400D3">우유</span>를 데우다.</li>
    <li><span style="color: #9400D3">우유</span>를 마시다.</li>
    <li><span style="color: #9400D3">우유</span>를 먹다.</li>
    <li><span style="color: #9400D3">우유</span>를 먹이다.</li>
    <li><span style="color: #9400D3">우유</span>를 배달하다.</li>
    <li><span style="color: #9400D3">우유</span>를 살균하다.</li>|
71112,식생활 > 음료,초급,음료,1,drink; water; soda,Water or all kinds of liquid that one can drink like water.,물이나 물처럼 마시는 모든 액체.,|    <li>건강 <span style="color: #9400D3">음료</span>.</li>
    <li>과일 <span style="color: #9400D3">음료</span>.</li>
    <li><span style="color: #9400D3">음료</span>가 시원하다.</li>
    <li><span style="color: #9400D3">음료</span>를 마시다.</li>
    <li>나: 왜 그렇게 화장실을 자주 가십니까?</li>
    <li>너: 아침부터 <span style="color: #9400D3">음료</span>를 너무 많이 마셨나 봅니다.</li>|
71113,식생활 > 음료,초급,음료수,1,drinking water,Water that one can drink.,마시는 물.,|    <li>깨끗한 <span style="color: #9400D3">음료수</span>.</li>
    <li><span style="color: #9400D3">음료수</span>가 맑다.</li>
    <li><span style="color: #9400D3">음료수</span>가 부족하다.</li>
    <li><span style="color: #9400D3">음료수</span>를 붓다.</li>
    <li><span style="color: #9400D3">음료수</span>로 사용하다.</li>
    <li>나: 아 덥다. 어디 시원한 <span style="color: #9400D3">음료수</span> 없나?</li>
    <li>너: 조금만 참자. 곧 약수터가 나올 거야. </li>|
71114,식생활 > 음식,초급,음식,1,food,A dish such as steamed rice or soup that a person eats at a meal.,밥이나 국 등과 같이 사람이 끼니때 먹는 것.,|    <li><span style="color: #9400D3">음식</span>이 맛있다.</li>
    <li><span style="color: #9400D3">음식이</span> 맛있다.</li>
    <li><span style="color: #9400D3">음식</span>이 익다.</li>
    <li><span style="color: #9400D3">음식이</span> 익다.</li>
    <li><span style="color: #9400D3">음식</span>을 끓이다.</li>
    <li><span style="color: #9400D3">음식</span>을 마련하다.</li>
    <li><span style="color: #9400D3">음식</span>을 먹다.</li>
    <li><span style="color: #9400D3">음식</span>을 준비하다.</li>
    <li>나: 살이 많이 빠진 것 같아요.</li>
    <li>너: 요즘 바빠서 <span style="color: #9400D3">음식</span>을 제대로 못 챙겨 먹었거든요.</li>|
24055,식생활 > 식생활 관련 장소,초급,음식점,1,restaurant; diner,A business cooking and selling food.,음식을 만들어서 파는 가게.,|    <li>유명한 <span style="color: #9400D3">음식점</span>.</li>
    <li><span style="color: #9400D3">음식점</span>을 경영하다.</li>
    <li><span style="color: #9400D3">음식점</span>을 차리다.</li>
    <li><span style="color: #9400D3">음식점</span>에 들어가다.</li>
    <li><span style="color: #9400D3">음식점</span>에서 식사하다.</li>
    <li>나: 네가 저번에 괜찮다던 <span style="color: #9400D3">음식점</span>에 한번 가 볼까 해.</li>
    <li>너: 거기 음식도 싸고 맛도 괜찮은 편이야.</li>|
70759,개념 > 세는 말,초급,인분,1,inbun,A bound noun that serves as a unit for measuring a quantity as a portion per person.,사람 수를 기준으로 분량을 세는 단위.,|    <li>삼 <span style="color: #9400D3">인분</span>.</li>
    <li>일 <span style="color: #9400D3">인분</span>.</li>
    <li>몇 <span style="color: #9400D3">인분</span>.</li>
    <li>나: 손님, 주문하시겠어요?</li>
    <li>너: 네. 삼겹살 오 <span style="color: #9400D3">인분</span> 주세요.</li>|
70762,식생활 > 식재료,초급,인삼,1,ginseng,|A perennial, araliaceous plant and medicinal herb that has edible roots; or its roots. |,건강에 도움을 주는 약초로 뿌리를 먹는 두릅나뭇과의 여러해살이풀. 또는 그 뿌리.,|    <li>십 년 묵은 <span style="color: #9400D3">인삼</span>.</li>
    <li><span style="color: #9400D3">인삼</span> 두 뿌리.</li>
    <li><span style="color: #9400D3">인삼</span> 열 근.</li>
    <li><span style="color: #9400D3">인삼</span>을 달이다.</li>
    <li><span style="color: #9400D3">인삼</span>을 먹다.</li>
    <li><span style="color: #9400D3">인삼</span>을 복용하다.</li>
    <li><span style="color: #9400D3">인삼</span>을 캐다.</li>
    <li>나: 요즘 날씨가 무더워서인지 기력이 없어요.</li>
    <li>너: 그래? <span style="color: #9400D3">인삼</span>을 좀 달여 먹어야겠구나.</li>|
73680,식생활 > 식생활 관련 장소,초급,일식집,1,Japanese restaurant,A restaurant that sells Japanese dishes. ,일본 음식을 파는 가게.,|    <li>고급 <span style="color: #9400D3">일식집</span>.</li>
    <li>유명한 <span style="color: #9400D3">일식집</span>.</li>
    <li><span style="color: #9400D3">일식집</span> 주인.</li>
    <li><span style="color: #9400D3">일식집</span>이 생기다.</li>
    <li><span style="color: #9400D3">일식집이</span> 생기다.</li>
    <li><span style="color: #9400D3">일식집</span>을 운영하다.</li>
    <li><span style="color: #9400D3">일식집</span>에 가다.</li>
    <li><span style="color: #9400D3">일식집</span>에서 먹다.</li>
    <li>나: 저녁에 초밥을 드시러 가실래요?</li>
    <li>너: 좋아요. 제가 자주 가는 <span style="color: #9400D3">일식집</span>이 있으니 거기로 가요.</li>|
73949,초급,自動販賣機,자동판매기,1,vending machine,A machine which dispenses products automatically after a customer chooses one and places money in the machine's slot.,돈을 넣고 원하는 물건을 고르면 사려는 물건이 자동으로 나오는 장치.,|    <li>담배 <span style="color: #9400D3">자동판매기</span>.</li>
    <li>식품 <span style="color: #9400D3">자동판매기</span>.</li>
    <li>음료수 <span style="color: #9400D3">자동판매기</span>.</li>
    <li>커피 <span style="color: #9400D3">자동판매기</span>.</li>
    <li><span style="color: #9400D3">자동판매기</span> 설치.</li>
    <li><span style="color: #9400D3">자동판매기</span> 철거.</li>
    <li><span style="color: #9400D3">자동판매기</span>가 고장이 나다.</li>
    <li><span style="color: #9400D3">자동판매기</span>가 생기다.</li>
    <li><span style="color: #9400D3">자동판매기</span>를 누르다.</li>
    <li><span style="color: #9400D3">자동판매기</span>를 이용하다.</li>
    <li><span style="color: #9400D3">자동판매기</span>를 흔들다.</li>
    <li><span style="color: #9400D3">자동판매기</span>에서 꺼내다.</li>|
23362,식생활 > 음식,초급,자장면,1,jajangmyeon,|A dish made by making sauce by stir-frying chopped meat, vegetables, etc., with Chinese soybean paste and then mixing noodles with the sauce.|,중국식 된장에 고기와 채소 등을 넣어 볶은 양념에 면을 비벼 먹는 음식.,|    <li>삼선 <span style="color: #9400D3">자장면</span>.</li>
    <li><span style="color: #9400D3">자장면</span> 한 그릇.</li>
    <li><span style="color: #9400D3">자장면</span> 곱빼기.</li>
    <li><span style="color: #9400D3">자장면</span> 배달.</li>
    <li><span style="color: #9400D3">자장면</span> 집.</li>
    <li><span style="color: #9400D3">자장면</span>과 탕수육.</li>
    <li><span style="color: #9400D3">자장면</span>이 나오다.</li>
    <li><span style="color: #9400D3">자장면</span>을 먹다.</li>
    <li><span style="color: #9400D3">자장면</span>을 시키다.</li>
    <li><span style="color: #9400D3">자장면</span>을 주문하다.</li>
    <li>나: 점심으로 <span style="color: #9400D3">자장면</span> 먹으러 중국집에 갈까?</li>
    <li>너: 그래, 탕수육도 시켜 먹자.</li>|
17371,개념 > 세는 말,초급,잔,1,cup,|A small container that is used for drinking water, tea, etc.|,물이나 차 등을 따라 마시는 작은 그릇.,|    <li>물 <span style="color: #9400D3">잔</span>.</li>
    <li>커피 <span style="color: #9400D3">잔</span>.</li>
    <li>빈 <span style="color: #9400D3">잔</span>.</li>
    <li>차가 든 <span style="color: #9400D3">잔</span>.</li>
    <li><span style="color: #9400D3">잔</span>이 깨지다.</li>
    <li><span style="color: #9400D3">잔</span>을 깨뜨리다.</li>
    <li><span style="color: #9400D3">잔</span>을 들다.</li>
    <li><span style="color: #9400D3">잔</span>에 물을 붓다.</li>
    <li><span style="color: #9400D3">잔</span>에 차를 따르다.</li>
    <li>나: <span style="color: #9400D3">잔</span>이 깨지기 쉬우니 물을 따를 때 조심하세요.</li>
    <li>너: 네. 빈 <span style="color: #9400D3">잔</span>에 물을 따라 놓으면 되는 거죠?</li>|
71205,식생활 > 식사 및 조리 행위,초급,잡수시다,1,eat; have,(honorific) To eat. ,1이 2을 잡수시다,|    <li>약주를 <span style="color: #9400D3">잡수시다</span>.</li>
    <li>조반을 <span style="color: #9400D3">잡수시다</span>.</li>
    <li>진지를 <span style="color: #9400D3">잡수시다</span>.</li>
    <li>맛있게 <span style="color: #9400D3">잡수시다</span>.</li>
    <li>나: 어머니, 천천히 잡수세요. 체하세요.</li>
    <li>너: 그래, 고맙다. 밥이 아주 맛있구나.</li>|
73328,식생활 > 음식,초급,잡채,1,japchae,|Stir-fried glass noodles and vegetables: a Korean dish made by mixing sweet potato noodles with thin slices of stir-fried various vegetables, meat, etc.|,여러 가지 채소와 고기 등을 가늘게 썰어 기름에 볶은 것을 당면과 섞어 만든 음식.,|    <li>맛있는 <span style="color: #9400D3">잡채</span>.</li>
    <li><span style="color: #9400D3">잡채</span>를 만들다.</li>
    <li><span style="color: #9400D3">잡채</span>를 먹다.</li>
    <li>나: <span style="color: #9400D3">잡채</span>가 먹고 싶은데, 오늘 저녁에는 <span style="color: #9400D3">잡채</span>를 해 먹는 게 어때요?</li>
    <li>너: 그러면 당면이랑 채소, 고기가 있어야 하는데, 당신이 가서 재료 좀 사 와요.</li>|
70874,식생활 > 조리 도구,초급,접시,1,plate,|A flat, plane-surfaced container to keep food in.|,음식을 담는 데 쓰는 납작하고 평평한 그릇.,|    <li><span style="color: #9400D3">접시</span> 한 개.</li>
    <li><span style="color: #9400D3">접시</span>를 깨다.</li>
    <li><span style="color: #9400D3">접시</span>를 닦다.</li>
    <li><span style="color: #9400D3">접시</span>를 쌓다.</li>
    <li><span style="color: #9400D3">접시</span>에 담다.</li>
    <li><span style="color: #9400D3">접시</span>에 덜다.</li>
    <li><span style="color: #9400D3">접시</span>에 올리다.</li>
    <li>나: 손님, 더 필요한 것이 있으십니까?</li>
    <li>너: 음식을 덜어 먹을 <span style="color: #9400D3">접시</span> 좀 주세요.</li>|
77501,식생활 > 조리 도구,초급,젓가락,1,chopsticks,|A pair of long, slender sticks used to pick up things or food to eat.|,음식을 집어 먹거나 물건을 집는 데 쓰는 한 쌍의 가늘고 긴 도구.,|    <li><span style="color: #9400D3">젓가락</span> 한 벌.</li>
    <li><span style="color: #9400D3">젓가락</span> 두 매.</li>
    <li><span style="color: #9400D3">젓가락</span>을 사용하다.</li>
    <li><span style="color: #9400D3">젓가락</span>을 쓰다.</li>|
25943,경제 생활 > 경제 행위,초급,주문,1,order,|The act of directing a manufacturer or seller to make or deliver an item by specifying the type, quantity, shape, size, etc., or the details of such instruction.|,|어떤 물건을 만들거나 파는 사람에게 그 물건의 종류, 수량, 모양, 크기 등을 말해 주고 그렇게 만들거나 보내어 달라고 부탁하는 일이나 내용.|,|    <li>상품 <span style="color: #9400D3">주문</span>.</li>
    <li>손님의 <span style="color: #9400D3">주문</span>.</li>
    <li><span style="color: #9400D3">주문</span> 명세서.</li>
    <li><span style="color: #9400D3">주문</span> 사항.</li>
    <li><span style="color: #9400D3">주문</span> 제작.</li>
    <li><span style="color: #9400D3">주문</span> 판매.</li>
    <li><span style="color: #9400D3">주문</span>이 늘다.</li>
    <li><span style="color: #9400D3">주문</span>이 되다.</li>
    <li><span style="color: #9400D3">주문</span>이 들어오다.</li>
    <li><span style="color: #9400D3">주문</span>이 쇄도하다.</li>
    <li><span style="color: #9400D3">주문</span>을 하다.</li>
    <li>나: 손님, <span style="color: #9400D3">주문</span>을 받겠습니다.</li>
    <li>너: 네. 꽃 그림이 들어간 그릇으로 만들어 주세요.</li>|
26899,식생활 > 음료,초급,주스,1,juice,|A liquid extracted from fruits or vegetables, or a drink made of such liquid.|,과일이나 채소에서 짜낸 즙. 또는 그것으로 만든 음료.,|    <li>당근 <span style="color: #9400D3">주스</span>.</li>
    <li>딸기 <span style="color: #9400D3">주스</span>.</li>
    <li>사과 <span style="color: #9400D3">주스</span>.</li>
    <li>오렌지 <span style="color: #9400D3">주스</span>.</li>
    <li>체리 <span style="color: #9400D3">주스</span>.</li>
    <li>달콤한 <span style="color: #9400D3">주스</span>.</li>
    <li>상큼한 <span style="color: #9400D3">주스</span>.</li>
    <li>시원한 <span style="color: #9400D3">주스</span>.</li>
    <li><span style="color: #9400D3">주스</span> 한 잔.</li>
    <li><span style="color: #9400D3">주스</span> 한 컵.</li>
    <li><span style="color: #9400D3">주스</span>가 시다.</li>
    <li><span style="color: #9400D3">주스</span>를 마시다.</li>
    <li><span style="color: #9400D3">주스</span>를 만들다.</li>
    <li><span style="color: #9400D3">주스</span>를 먹다.</li>
    <li>나: 얘, 이 <span style="color: #9400D3">주스</span> 한 잔만 마시고 가렴.</li>
    <li>너: 엄마, 늦어서 지금 빨리 나가 봐야 돼요.</li>|
26017,식생활 > 식생활 관련 장소,초급,중국집,1,Chinese restaurant,A restaurant where Chinese foods are sold.,중국 요리를 파는 식당.,|    <li>맛있는 <span style="color: #9400D3">중국집</span>.</li>
    <li>유명한 <span style="color: #9400D3">중국집</span>.</li>
    <li><span style="color: #9400D3">중국집</span> 배달원.</li>
    <li><span style="color: #9400D3">중국집</span> 주인.</li>
    <li><span style="color: #9400D3">중국집</span>에서 일하다.</li>
    <li>나: 거기 <span style="color: #9400D3">중국집</span>이죠? 자장면 한 그릇과 짬뽕 한 그릇을 배달해 주세요.</li>
    <li>너: 네. 알겠습니다. 주소를 알려 주시겠어요?</li>|
71578,식생활 > 맛,초급,짜다,1,salty,Tasting like salt.,1이 짜다,|    <li><span style="color: #9400D3">짠</span> 국물.</li>
    <li><span style="color: #9400D3">짜</span>게 먹다.</li>
    <li>김치가 <span style="color: #9400D3">짜다</span>.</li>
    <li>김치가 <span style="color: #9400D3">짜</span>다.</li>
    <li>맛이 <span style="color: #9400D3">짜다</span>.</li>
    <li>맛이 <span style="color: #9400D3">짜</span>다.</li>
    <li>소금이 <span style="color: #9400D3">짜다</span>.</li>
    <li>소금이 <span style="color: #9400D3">짜</span>다.</li>
    <li>음식이 <span style="color: #9400D3">짜다</span>.</li>
    <li>음식이 <span style="color: #9400D3">짜</span>다.</li>
    <li>심하게 <span style="color: #9400D3">짜다</span>.</li>
    <li>심하게 <span style="color: #9400D3">짜</span>다.</li>
    <li>나: 좀 싱거운데. 소금을 더 넣어야겠어.</li>
    <li>너: 지금 간이 딱 맞아. 너는 너무 짜게 먹는 것 같아.</li>|
78928,식생활 > 음식,초급,짬뽕,1,jjamppong,Chinese-style noodle dish made by pouring a spicy stock of stir-fried vegetables and seafood over noodles.,여러 가지 해물과 야채를 볶고 매콤한 국물을 부어 만든 중국식 국수.,|    <li><span style="color: #9400D3">짬뽕</span> 국물.</li>
    <li><span style="color: #9400D3">짬뽕</span>을 만들다.</li>
    <li><span style="color: #9400D3">짬뽕</span>을 먹다.</li>
    <li><span style="color: #9400D3">짬뽕</span>을 시키다.</li>
    <li><span style="color: #9400D3">짬뽕</span>을 주문하다.</li>
    <li>나: 오늘 점심엔 새로 생긴 중국집에 중화요리를 시켜 먹자. 넌 뭐 먹을래?</li>
    <li>너: 난 <span style="color: #9400D3">짬뽕</span>으로 할게.</li>|
26901,식생활 > 음식,초급,찌개,1,jjigae,|Korean stew made by putting tofu, vegetables, etc., in a small amount of broth with soybean or red pepper paste, and then boiling it with some spices or seasonings to taste a little salty.|,|국물을 적게 하여 고기나 두부, 채소 등을 넣고 고추장이나 된장 등을 넣고 양념과 간을 맞추어 약간 짜게 끓인 반찬.|,|    <li><span style="color: #9400D3">찌개</span> 건더기.</li>
    <li><span style="color: #9400D3">찌개</span> 국물.</li>
    <li><span style="color: #9400D3">찌개</span> 맛.</li>
    <li><span style="color: #9400D3">찌개</span>의 간.</li>
    <li><span style="color: #9400D3">찌개</span>가 끓다.</li>
    <li><span style="color: #9400D3">찌개</span>가 넘치다.</li>
    <li><span style="color: #9400D3">찌개</span>가 맛있다.</li>
    <li><span style="color: #9400D3">찌개</span>가 싱겁다.</li>
    <li><span style="color: #9400D3">찌개</span>가 짜다.</li>
    <li><span style="color: #9400D3">찌개</span>를 끓이다.</li>
    <li><span style="color: #9400D3">찌개</span>를 데우다.</li>
    <li><span style="color: #9400D3">찌개</span>를 요리하다.</li>
    <li><span style="color: #9400D3">찌개</span>에 두부를 넣다.</li>
    <li><span style="color: #9400D3">찌개</span>에 밥을 비비다.</li>|
61117,식생활 > 음료,초급,차,1,tea,|A beverage made by infusing or brewing leaves, roots, fruits, etc., of a plant with a good smell or flavor. |,|좋은 향기나 맛이 있는 식물의 잎이나 뿌리, 열매 등을 달이거나 우려서 만든 마실 것.|,|    <li>따뜻한 <span style="color: #9400D3">차</span>.</li>
    <li>시원한 <span style="color: #9400D3">차</span>.</li>
    <li><span style="color: #9400D3">차</span> 한 잔.</li>
    <li><span style="color: #9400D3">차</span>가 끓다.</li>
    <li><span style="color: #9400D3">차</span>가 식다.</li>
    <li><span style="color: #9400D3">차</span>를 끓이다.</li>
    <li><span style="color: #9400D3">차</span>를 나누다.</li>
    <li><span style="color: #9400D3">차</span>를 나르다.</li>
    <li><span style="color: #9400D3">차</span>를 내오다.</li>
    <li><span style="color: #9400D3">차</span>를 대접하다.</li>
    <li><span style="color: #9400D3">차</span>를 들다.</li>
    <li><span style="color: #9400D3">차</span>를 따르다.</li>
    <li><span style="color: #9400D3">차</span>를 마시다.</li>
    <li>나: 우리 카페에서 <span style="color: #9400D3">차</span>나 한잔할까요?</li>
    <li>너: 네. 그러죠. 오랜만에 할 얘기도 많으니.</li>|
71464,식생활 > 음료,초급,찬물,1,cold water,Cold water.,차가운 물.,|    <li><span style="color: #9400D3">찬물</span>을 데우다.</li>
    <li><span style="color: #9400D3">찬물</span>을 마시다.</li>
    <li><span style="color: #9400D3">찬물</span>을 붓다.</li>
    <li><span style="color: #9400D3">찬물</span>로 씻다.</li>
    <li><span style="color: #9400D3">찬물</span>에 담그다.</li>
    <li>나: 아, 더워. 땀이 흠씬 났네. </li>
    <li>너: 가서 <span style="color: #9400D3">찬물</span>로 목욕이라도 해. 그럼 좀 시원해질 거야.</li>|
24873,식생활 > 과일,초급,참외,1,oriental melon,|A yellow, sweet fruit that is usually eaten in the summer. |,색이 노랗고 단맛이 나며 주로 여름에 먹는 열매.,|    <li><span style="color: #9400D3">참외</span> 서리.</li>
    <li><span style="color: #9400D3">참외</span>의 씨.</li>
    <li><span style="color: #9400D3">참외</span>와 수박.</li>
    <li><span style="color: #9400D3">참외</span>를 따다.</li>
    <li><span style="color: #9400D3">참외</span>를 먹다.</li>
    <li>나: 어제 산 <span style="color: #9400D3">참외</span>가 겉은 노랗게 잘 익었는데 속이 다 썩었지 뭐야.</li>
    <li>너: 저런, 많이 속상했겠구나.</li>|
72036,식생활 > 채소,초급,채소,1,vegetable,|A plant grown in a field, of which the leaves, stems, or fruits are edible.|,|밭에서 기르며 주로 그 잎이나 줄기, 열매를 먹는 농작물.|,|    <li>무공해 <span style="color: #9400D3">채소</span>.</li>
    <li>신선한 <span style="color: #9400D3">채소</span>.</li>
    <li><span style="color: #9400D3">채소</span>를 가꾸다.</li>
    <li><span style="color: #9400D3">채소</span>를 기르다.</li>
    <li><span style="color: #9400D3">채소</span>를 다듬다.</li>
    <li><span style="color: #9400D3">채소</span>를 먹다.</li>
    <li><span style="color: #9400D3">채소</span>를 심다.</li>
    <li>나: 지수 씨는 고기를 전혀 안 드세요?</li>
    <li>너: 네, 저는 채식주의자라서 주로 <span style="color: #9400D3">채소</span>나 과일 같은 음식을 먹어요.</li>|
72128,식생활 > 음식,초급,초콜릿,1,chocolate,|Sweet, mostly dark-colored food, that is made by mixing cocoa powder, milk, sugar, etc.  |,|코코아 가루에 우유, 설탕 등을 섞어 만든, 주로 검은색의 달콤한 음식.|,|    <li><span style="color: #9400D3">초콜릿</span> 과자.</li>
    <li><span style="color: #9400D3">초콜릿</span> 케이크.</li>
    <li><span style="color: #9400D3">초콜릿</span>이 달다.</li>
    <li><span style="color: #9400D3">초콜릿</span>을 넣다.</li>
    <li><span style="color: #9400D3">초콜릿</span>을 녹이다.</li>
    <li><span style="color: #9400D3">초콜릿</span>을 먹다.</li>
    <li><span style="color: #9400D3">초콜릿</span>을 사다.</li>
    <li><span style="color: #9400D3">초콜릿</span>을 씹다.</li>
    <li>나: 휴, 오늘따라 기분이 정말 우울하네요.</li>
    <li>너: 달콤한 <span style="color: #9400D3">초콜릿</span>을 먹으면 기분이 좀 나아질 겁니다.</li>|
80595,식생활 > 음식,초급,치킨,1,fried chicken,|A dish made by coating chopped chicken with flour, and frying or baking it.|,토막을 낸 닭에 밀가루 등을 묻혀 기름에 튀기거나 구운 음식.,|    <li>양념 <span style="color: #9400D3">치킨</span>.</li>
    <li><span style="color: #9400D3">치킨</span>이 맛있다.</li>
    <li><span style="color: #9400D3">치킨</span>을 먹다.</li>
    <li><span style="color: #9400D3">치킨</span>을 배달하다.</li>
    <li><span style="color: #9400D3">치킨</span>을 시키다.</li>
    <li>나: 전 닭고기밖에 못 먹어요.</li>
    <li>너: 그럼 <span style="color: #9400D3">치킨</span> 시켜 먹자.</li>|
28147,식생활 > 음식,초급,카레,1,curry,|Yellow spice made by mixing turmeric, ginger, black pepper, garlic, etc.|,|강황, 생강, 후추, 마늘 등을 섞어 만든 노란 빛깔의 향신료.|,|    <li><span style="color: #9400D3">카레</span> 가루.</li>
    <li><span style="color: #9400D3">카레</span> 향.</li>
    <li>나: 이 닭고기는 색이 좀 노랗네?</li>
    <li>너: 응, <span style="color: #9400D3">카레</span> 가루를 발라서 구운 거야.</li>|
28144,식생활 > 음식,초급,칼국수,1,kalguksu,A Korean noodle made by flattening the dough as thin as possible and cutting it into long strips with a knife; or a soup made by boiling them with other ingredients in a broth.,밀가루 반죽을 얇게 밀고 칼로 가늘게 썰어서 만든 국수. 또는 그것을 넣어 끓인 음식.,|    <li>바지락 <span style="color: #9400D3">칼국수</span>.</li>
    <li>버섯 <span style="color: #9400D3">칼국수</span>.</li>
    <li>해물 <span style="color: #9400D3">칼국수</span>.</li>
    <li><span style="color: #9400D3">칼국수</span>를 만들다.</li>
    <li><span style="color: #9400D3">칼국수</span>를 먹다.</li>|
27372,식생활 > 음료,초급,커피,1,coffee fruit; coffee powder,|The fruit of a coffee tree drunk as a brew, after being roasted, ground, and boiled, or its powder.|,볶은 후 갈아서 물에 끓여 차로 마시는 커피나무의 열매. 또는 그 가루.,|    <li><span style="color: #9400D3">커피</span> 가루.</li>
    <li><span style="color: #9400D3">커피</span> 냄새.</li>
    <li><span style="color: #9400D3">커피</span> 찌꺼기.</li>
    <li><span style="color: #9400D3">커피</span> 향.</li>
    <li><span style="color: #9400D3">커피</span>를 갈다.</li>
    <li><span style="color: #9400D3">커피</span>를 볶다.</li>
    <li>나: 엄마, 설탕도 넣어 드릴까요?</li>
    <li>너: 응. <span style="color: #9400D3">커피</span> 둘 설탕 하나.</li>|
83235,식생활 > 음식,초급,케이크,1,cake,|Bread made by mixing flour, eggs, butter, milk, sugar, etc., making the mixture as a dough, baking the dough in an oven, then decorating the baked bread with cream, fruits, etc. |,|밀가루에 달걀, 버터, 우유, 설탕 등을 넣어 반죽하여 오븐에 구운 뒤 생크림이나 과일 등으로 장식한 빵.|,|    <li>생일 <span style="color: #9400D3">케이크</span>.</li>
    <li>축하 <span style="color: #9400D3">케이크</span>.</li>
    <li><span style="color: #9400D3">케이크</span>를 자르다.</li>
    <li><span style="color: #9400D3">케이크</span>를 먹다.</li>
    <li><span style="color: #9400D3">케이크</span>를 만들다.</li>
    <li><span style="color: #9400D3">케이크</span>를 굽다.</li>
    <li>나: 여보, 오늘 지수 생일이니까 빵집에 들러서 <span style="color: #9400D3">케이크</span> 좀 사 오세요.</li>
    <li>너: 알았어. 지수가 좋아하는 걸로 사 갈게.</li>|
17238,식생활 > 음료,초급,콜라,1,cola; Coke,|Blackish soda, with a sweet flavor and unique scent.|,맛이 달고 독특한 향이 나는 검은색의 탄산음료.,|    <li>달콤한 <span style="color: #9400D3">콜라</span>.</li>
    <li>시원한 <span style="color: #9400D3">콜라</span>.</li>
    <li><span style="color: #9400D3">콜라</span> 한 병.</li>
    <li><span style="color: #9400D3">콜라</span> 한 잔.</li>
    <li>피자와 <span style="color: #9400D3">콜라</span>.</li>
    <li><span style="color: #9400D3">콜라</span>와 사이다.</li>
    <li><span style="color: #9400D3">콜라</span>를 곁들이다.</li>
    <li><span style="color: #9400D3">콜라</span>를 마시다.</li>
    <li><span style="color: #9400D3">콜라</span>를 먹다.</li>
    <li>나: 엄마, 냉장고에 <span style="color: #9400D3">콜라</span>가 없어요. <span style="color: #9400D3">콜라</span> 사 주세요.</li>
    <li>너: 그냥 물 마시렴. <span style="color: #9400D3">콜라</span> 너무 많이 마시면 건강에 안 좋아.</li>|
72171,식생활 > 곡류,초급,콩,1,bean,|A round grain with a thin, yellow or black skin that is used as an ingredient in tofu, soy bean paste, etc.|,두부나 된장 등의 재료로 쓰이며 노란색 또는 검은색의 얇은 껍질에 쌓인 동그란 모양의 곡식.,|    <li><span style="color: #9400D3">콩</span>이 딱딱하다.</li>
    <li><span style="color: #9400D3">콩</span>을 기르다.</li>
    <li><span style="color: #9400D3">콩</span>을 넣다.</li>
    <li><span style="color: #9400D3">콩</span>을 불리다.</li>
    <li><span style="color: #9400D3">콩</span>을 씻다.</li>
    <li><span style="color: #9400D3">콩</span>을 짜다.</li>
    <li><span style="color: #9400D3">콩</span>으로 만들다.</li>
    <li>나: 밭에 무엇을 심을 거죠?</li>
    <li>너: <span style="color: #9400D3">콩</span>이랑 옥수수를 심을까 해요.</li>|
82769,식생활 > 음식,초급,탕수육,1,sweet and sour pork,|A Chinese dish made by frying flour-coated meat, and pouring a boiled mixture of vinegar, soybean sauce, sugar, vegetables, etc., over the meat. |,|튀김옷을 입혀 튀긴 고기에 식초, 간장, 설탕, 채소 등을 넣고 끓인 녹말 물을 부어 만든 중국 요리.|,|    <li>사천 <span style="color: #9400D3">탕수육</span>.</li>
    <li>찹쌀 <span style="color: #9400D3">탕수육</span>.</li>
    <li>치킨 <span style="color: #9400D3">탕수육</span>.</li>
    <li>맛있는 <span style="color: #9400D3">탕수육</span>.</li>
    <li>쫄깃쫄깃한 <span style="color: #9400D3">탕수육</span>.</li>
    <li><span style="color: #9400D3">탕수육</span>의 종류.</li>
    <li><span style="color: #9400D3">탕수육</span>을 만들다.</li>
    <li><span style="color: #9400D3">탕수육</span>을 먹다.</li>
    <li><span style="color: #9400D3">탕수육</span>을 시키다.</li>
    <li>나: 오늘 점심으로 자장면 어때?</li>
    <li>너: <span style="color: #9400D3">탕수육</span>도 시키자.</li>|
89390,식생활 > 채소,초급,토마토,1,tomato,|A round, fist-sized fruit that turns from green to red when ripe.|,둥근 모양에 크기는 주먹만 하며 초록색이었다가 붉은색으로 익는 열매.,|    <li><span style="color: #9400D3">토마토</span>가 익다.</li>
    <li><span style="color: #9400D3">토마토</span>를 갈다.</li>
    <li><span style="color: #9400D3">토마토</span>를 넣다.</li>
    <li><span style="color: #9400D3">토마토</span>를 따다.</li>
    <li><span style="color: #9400D3">토마토</span>를 먹다.</li>
    <li>나: <span style="color: #9400D3">토마토</span>로 소스를 만들려고 하는데 뭐부터 해야 할까요?</li>
    <li>너: 먼저 토마로를 뜨거운 물에 살짝 데친 후 껍질을 벗겨 주세요.</li>|
82383,식생활 > 음식,초급,튀김,1,fried food,|Food that is made by coating fish, meat, vegetables, etc., with flour and frying it.|,|생선이나 고기, 야채 등을 밀가루에 묻혀서 기름에 튀긴 음식.|,|    <li>고소한 <span style="color: #9400D3">튀김</span>.</li>
    <li>맛있는 <span style="color: #9400D3">튀김</span>.</li>
    <li>바삭한 <span style="color: #9400D3">튀김</span>.</li>
    <li><span style="color: #9400D3">튀김</span> 요리.</li>
    <li><span style="color: #9400D3">튀김</span> 3인분.</li>
    <li><span style="color: #9400D3">튀김</span>이 눅다.</li>
    <li><span style="color: #9400D3">튀김</span>을 먹다.</li>
    <li>나: 에구, <span style="color: #9400D3">튀김</span>이 오래되어서 눅눅해져 버렸어.</li>
    <li>너: 그래? 바삭해야 맛있는데 다시 튀겨 줄까?</li>|
62808,식생활 > 과일,초급,포도,1,grape,|Purple, small fruits forming a bundle, tasting sweet and a little sour.|,달면서도 약간 신맛이 나는 작은 열매가 뭉쳐서 송이를 이루는 보라색 과일.,|    <li>맛있는 <span style="color: #9400D3">포도</span>.</li>
    <li><span style="color: #9400D3">포도</span> 한 송이.</li>
    <li><span style="color: #9400D3">포도</span>가 달다.</li>
    <li><span style="color: #9400D3">포도</span>가 시다.</li>
    <li><span style="color: #9400D3">포도</span>가 싱싱하다.</li>
    <li><span style="color: #9400D3">포도</span>가 익다.</li>
    <li><span style="color: #9400D3">포도</span>를 먹다.</li>
    <li><span style="color: #9400D3">포도</span>를 재배하다.</li>
    <li>나: 어떤 과일을 좋아하세요?</li>
    <li>너: 새콤하고 달콤한 <span style="color: #9400D3">포도</span>를 좋아해요.</li>|
26909,식생활 > 음식,초급,피자,1,pizza,|Food originating in Italy, made by baking a round, flat piece of dough topped with tomato, meat, cheese, etc. |,|이탈리아에서 유래한 것으로 둥글고 납작한 밀가루 반죽 위에 토마토, 고기, 치즈 등을 얹어 구운 음식.|,|    <li>고구마 <span style="color: #9400D3">피자</span>.</li>
    <li>불고기 <span style="color: #9400D3">피자</span>.</li>
    <li>콤비네이션 <span style="color: #9400D3">피자</span>.</li>
    <li>갓 구운 <span style="color: #9400D3">피자</span>.</li>
    <li>맛있는 <span style="color: #9400D3">피자</span>.</li>
    <li>식은 <span style="color: #9400D3">피자</span>.</li>
    <li><span style="color: #9400D3">피자</span> 가게.</li>
    <li><span style="color: #9400D3">피자</span> 치즈.</li>
    <li><span style="color: #9400D3">피자</span>를 굽다.</li>
    <li><span style="color: #9400D3">피자</span>를 만들다.</li>
    <li><span style="color: #9400D3">피자</span>를 먹다.</li>
    <li><span style="color: #9400D3">피자</span>를 사다.</li>
    <li><span style="color: #9400D3">피자</span>를 시키다.</li>
    <li><span style="color: #9400D3">피자</span>를 주문하다.</li>
    <li><span style="color: #9400D3">피자</span>를 팔다.</li>
    <li><span style="color: #9400D3">피자</span>에 소스를 얹다.</li>
    <li><span style="color: #9400D3">피자</span>에 치즈를 뿌리다.</li>|
85571,식생활 > 음식,초급,한식,1,hansik,Korean dishes.,한국 고유의 음식.,|    <li>정갈한 <span style="color: #9400D3">한식</span>.</li>
    <li><span style="color: #9400D3">한식</span> 식당.</li>
    <li><span style="color: #9400D3">한식</span>을 먹다.</li>
    <li><span style="color: #9400D3">한식</span>을 요리하다.</li>
    <li><span style="color: #9400D3">한식</span>을 주문하다.</li>|
85573,식생활 > 식생활 관련 장소,초급,한식집,1,Korean restaurant,A restaurant that serves Korean food.,우리나라 고유의 음식을 파는 음식점.,|    <li>고급 <span style="color: #9400D3">한식집</span>.</li>
    <li>유명 <span style="color: #9400D3">한식집</span>.</li>
    <li>전통 <span style="color: #9400D3">한식집</span>.</li>
    <li>맛있는 <span style="color: #9400D3">한식집</span>.</li>
    <li><span style="color: #9400D3">한식집</span>을 예약하다.</li>
    <li><span style="color: #9400D3">한식집</span>에서 식사하다.</li>|
72462,식생활 > 음료,초급,한잔,1,a cup of; a drink; a glass of,A cup of tea or a drink that one has lightly. ,간단하게 한 차례 마시는 차나 술.,|    <li>소주 <span style="color: #9400D3">한잔</span>.</li>
    <li>술 <span style="color: #9400D3">한잔</span>.</li>
    <li>커피 <span style="color: #9400D3">한잔</span>.</li>
    <li><span style="color: #9400D3">한잔</span> 걸치다.</li>
    <li><span style="color: #9400D3">한잔</span> 마시다.</li>
    <li><span style="color: #9400D3">한잔</span>을 하다.</li>
    <li>나: 오늘 퇴근하고 소주 <span style="color: #9400D3">한잔</span> 마실까?</li>
    <li>너: 그거 좋지.</li>|
31843,식생활 > 음식,초급,햄버거,1,hamburger,|Food made by putting meat, vegetables, cheese, etc., between two round buns. |,둥근 빵 사이에 고기와 채소와 치즈 등을 끼운 음식.,|    <li><span style="color: #9400D3">햄버거</span> 가게.</li>
    <li><span style="color: #9400D3">햄버거</span>를 만들다.</li>
    <li><span style="color: #9400D3">햄버거</span>를 먹다.</li>
    <li><span style="color: #9400D3">햄버거</span>를 주문하다.</li>
    <li><span style="color: #9400D3">햄버거</span>를 포장해 가다.</li>
    <li>나: 요즘에는 한국 음식보다 서양 음식을 더 좋아하는 아이들도 많아.</li>
    <li>너: 맞아. <span style="color: #9400D3">햄버거</span>, 치킨, 피자 같은 음식이 인기가 많더라고.</li>|
87573,식생활 > 음료,초급,홍차,1,black tea; red tea,|Tea made of a tea plant's leaves fermented and dried, which turns pure red and gives off scent when put in boiling water. |,|차나무의 잎을 발효시켜 말린 것으로, 끓는 물에 넣으면 맑은 붉은색을 띠고 향기가 나는 차.|,|    <li><span style="color: #9400D3">홍차</span> 한 잔.</li>
    <li><span style="color: #9400D3">홍차</span> 음료.</li>
    <li><span style="color: #9400D3">홍차</span>를 끓이다.</li>
    <li><span style="color: #9400D3">홍차</span>를 마시다.</li>
    <li><span style="color: #9400D3">홍차</span>를 팔다.</li>
    <li>나: <span style="color: #9400D3">홍차</span> 한 잔 줄까?</li>
    <li>너: 쓴 건 싫으니까 나는 설탕 한 스푼 넣어 줘.</li>|
